"timestamp","bssid","ssi","channel","bearing","lat","lon","alt","lat_err","lon_error","alt_error"
"1510854695.369736","00:fe:c8:76:db:13","-75","2412","0.0","39.782585533999985","-84.083087842","307.125","0.0","0.0","0.0"
"1510854695.372517","f4:7f:35:ac:de:57","-75","2412","0.0","39.782585533999985","-84.083087842","307.125","0.0","0.0","0.0"
"1510854695.386306","f4:7f:35:cd:33:57","-59","2412","0.0","39.782585533999985","-84.083087842","307.125","0.0","0.0","0.0"
"1510854695.390578","f4:7f:35:dc:16:19","-51","2412","0.0","39.782585533999985","-84.083087842","307.125","0.0","0.0","0.0"
"1510854695.393574","00:fe:c8:7b:0d:24","-55","2412","0.0","39.782585533999985","-84.083087842","307.125","0.0","0.0","0.0"
"1510854695.405938","00:fe:c8:7b:0d:22","-53","2412","0.0","39.782585533999985","-84.083087842","307.125","0.0","0.0","0.0"
"1510854695.417461","f4:7f:35:dd:f3:a7","-73","2412","0.0","39.782585533999985","-84.083087842","307.125","0.0","0.0","0.0"
"1510854695.424471","f4:7f:35:dc:4a:c8","-73","2412","0.0","39.782585533999985","-84.083087842","307.125","0.0","0.0","0.0"
"1510854695.427104","9c:1c:12:dd:75:e0","-69","2412","0.0","39.782585533999985","-84.083087842","307.125","0.0","0.0","0.0"
"1510854695.433655","88:79:7e:02:3c:fd","-29","2412","0.0","39.782585533999985","-84.083087842","307.125","0.0","0.0","0.0"
"1510854695.447763","f4:7f:35:cd:33:59","-61","2412","0.0","39.782585533999985","-84.083087842","307.125","0.0","0.0","0.0"
"1510854695.455092","00:fe:c8:7b:0d:23","-55","2412","0.0","39.782585533999985","-84.083087842","307.125","0.0","0.0","0.0"
"1510854695.458206","f4:7f:35:dc:16:15","-51","2412","0.0","39.782585533999985","-84.083087842","307.125","0.0","0.0","0.0"
"1510854695.469285","6c:50:4d:2a:cd:b9","-59","2412","0.12572545778622046","39.782585533999985","-84.083087842","307.125","0.0","0.0","0.0"
"1510854695.568731","00:18:e7:e9:07:f5","-57","2422","1.3191659466425745","39.782585533999985","-84.083087842","307.125","0.0","0.0","0.0"
"1510854695.579651","00:12:17:9f:79:b6","-55","2422","1.4502161598267187","39.782585533999985","-84.083087842","307.125","0.0","0.0","0.0"
"1510854696.112529","f4:7f:35:f7:2d:d8","-61","2437","7.8452216416320395","39.782585533999985","-84.083087842","307.125","0.0","0.0","0.0"
"1510854696.114795","18:33:9d:0c:42:c6","-69","2437","7.87241480407259","39.782585533999985","-84.083087842","307.125","0.0","0.0","0.0"
"1510854696.12479","f4:7f:35:f7:2d:d9","-61","2437","7.992363431580247","39.782585533999985","-84.083087842","307.125","0.0","0.0","0.0"
"1510854696.139321","18:33:9d:0c:42:c7","-69","2437","8.166749886170596","39.782585533999985","-84.083087842","307.125","0.0","0.0","0.0"
"1510854696.143197","f4:7f:35:f7:2d:d6","-59","2437","8.213264957908395","39.782585533999985","-84.083087842","307.125","0.0","0.0","0.0"
"1510854696.150908","f4:7f:35:dd:fb:86","-55","2437","8.305802969235447","39.782585533999985","-84.083087842","307.125","0.0","0.0","0.0"
"1510854696.157035","f4:7f:35:f7:17:88","-69","2437","8.379333806941645","39.782585533999985","-84.083087842","307.125","0.0","0.0","0.0"
"1510854696.161758","f4:7f:35:f7:1a:e8","-75","2437","8.436011979793589","39.782585533999985","-84.083087842","307.125","0.0","0.0","0.0"
"1510854696.178682","b4:5d:50:d6:b0:e0","-53","2437","8.639116634238295","39.782585533999985","-84.083087842","307.125","0.0","0.0","0.0"
"1510854696.19242","f4:7f:35:f7:2d:d5","-61","2437","8.803983765234399","39.782585533999985","-84.083087842","307.125","0.0","0.0","0.0"
"1510854696.194803","00:fe:c8:7d:ac:54","-67","2437","8.83258179328504","39.782585533999985","-84.083087842","307.125","0.0","0.0","0.0"
"1510854696.205497","ec:08:6b:f9:e0:1f","-51","2437","8.960919557185342","39.782585533999985","-84.083087842","307.125","0.0","0.0","0.0"
"1510854696.207897","00:fe:c8:7d:ac:52","-67","2437","8.98972073280893","39.782585533999985","-84.083087842","307.125","0.0","0.0","0.0"
"1510854696.378012","60:38:e0:06:34:e8","-43","2442","11.031250836513381","39.782585533999985","-84.083087842","307.125","0.0","0.0","0.0"
"1510854696.510662","b0:7f:b9:a3:b9:d5","-49","2447","12.623169581553514","39.782585533999985","-84.083087842","307.125","0.0","0.0","0.0"
"1510854696.517912","60:38:e0:06:34:ac","-45","2447","12.71017396744285","39.782585533999985","-84.083087842","307.125","0.0","0.0","0.0"
"1510854696.708892","60:38:e0:06:3a:f0","-61","2452","15.002104914053952","39.782585533999985","-84.083087842","307.125","0.0","0.0","0.0"
"1510854697.01314","18:33:9d:0c:c8:69","-67","2462","18.653347773448555","39.782585533999985","-84.083087842","307.125","0.0","0.0","0.0"
"1510854697.020137","f4:7f:35:cd:38:c6","-63","2462","18.73731925191081","39.782585533999985","-84.083087842","307.125","0.0","0.0","0.0"
"1510854697.044101","00:fe:c8:76:dd:34","-51","2462","19.02490754560027","39.782585533999985","-84.083087842","307.125","0.0","0.0","0.0"
"1510854697.0725","00:fe:c8:5d:96:01","-57","2462","19.365720503401594","39.782585533999985","-84.083087842","307.125","0.0","0.0","0.0"
"1510854697.083294","00:fe:c8:76:dd:31","-51","2462","19.495257124105617","39.782585533999985","-84.083087842","307.125","0.0","0.0","0.0"
"1510854697.093869","f4:7f:35:cd:38:c8","-61","2462","19.622167132528453","39.782585533999985","-84.083087842","307.125","0.0","0.0","0.0"
"1510854697.097088","00:fe:c8:5d:96:03","-61","2462","19.66079950618926","39.782585533999985","-84.083087842","307.125","0.0","0.0","0.0"
"1510854697.10374","18:33:9d:0c:c8:68","-67","2462","19.740627918656788","39.782585533999985","-84.083087842","307.125","0.0","0.0","0.0"
"1510854697.106145","00:fe:c8:76:dd:33","-51","2462","19.769489180182234","39.782585533999985","-84.083087842","307.125","0.0","0.0","0.0"
"1510854697.20611","00:fe:c8:7b:0d:21","-57","2412","20.96915857419779","39.782585533999985","-84.083087842","307.125","0.0","0.0","0.0"
"1510854697.211232","f4:7f:35:cd:33:58","-59","2412","21.030626451797787","39.782585533999985","-84.083087842","307.125","0.0","0.0","0.0"
"1510854697.218093","2a:c2:dd:a0:30:c0","-73","2412","21.11296416597621","39.782585533999985","-84.083087842","307.125","0.0","0.0","0.0"
"1510854697.223343","f4:7f:35:cd:33:59","-65","2412","21.175968525923697","39.782585533999985","-84.083087842","307.125","0.0","0.0","0.0"
"1510854697.230701","00:fe:c8:7b:0d:23","-57","2412","21.26427191178652","39.782585533999985","-84.083087842","307.125","0.0","0.0","0.0"
"1510854697.238105","18:33:9d:0c:3c:d9","-71","2412","21.353127515699747","39.782585533999985","-84.083087842","307.125","0.0","0.0","0.0"
"1510854697.244738","f4:7f:35:cd:33:56","-57","2412","21.432729890726954","39.782585533999985","-84.083087842","307.125","0.0","0.0","0.0"
"1510854697.2583","f4:7f:35:dc:16:18","-51","2412","21.59548543145779","39.782585533999985","-84.083087842","307.125","0.0","0.0","0.0"
"1510854697.261474","00:fe:c8:7b:0d:20","-57","2412","21.633574170768455","39.782585533999985","-84.083087842","307.125","0.0","0.0","0.0"
"1510854697.270628","f4:7f:35:dc:16:19","-53","2412","21.74343122799751","39.782585533999985","-84.083087842","307.125","0.0","0.0","0.0"
"1510854698.097043","f4:7f:35:f7:2d:d8","-57","2437","31.66114151895761","39.782585533999985","-84.083087842","307.125","0.0","0.0","0.0"
"1510854698.104661","f4:7f:35:dd:fb:88","-59","2437","31.75256364925017","39.782585533999985","-84.083087842","307.125","0.0","0.0","0.0"
"1510854698.109283","f4:7f:35:f7:2d:d9","-59","2437","31.8080315203647","39.782585533999985","-84.083087842","307.125","0.0","0.0","0.0"
"1510854698.12599","b4:5d:50:d6:b0:e1","-57","2437","32.00852959116217","39.782585533999985","-84.083087842","307.125","0.0","0.0","0.0"
"1510854698.135506","f4:7f:35:dd:fb:86","-59","2437","32.12273000072548","39.782585533999985","-84.083087842","307.125","0.0","0.0","0.0"
"1510854698.138482","6c:50:4d:2a:a1:37","-67","2437","32.1584467775295","39.782585533999985","-84.083087842","307.125","0.0","0.0","0.0"
"1510854698.151149","ec:08:6b:f9:e0:1f","-53","2437","32.31046124799499","39.782585533999985","-84.083087842","307.125","0.0","0.0","0.0"
"1510854698.158554","f4:7f:35:f7:1a:e9","-67","2437","32.3993282968419","39.782585533999985","-84.083087842","307.125","0.0","0.0","0.0"
"1510854698.161191","f4:7f:35:dd:fb:87","-59","2437","32.43097353848674","39.782585533999985","-84.083087842","307.125","0.0","0.0","0.0"
"1510854698.166576","00:fe:c8:7d:ac:50","-71","2437","32.49559735655095","39.782585533999985","-84.083087842","307.125","0.0","0.0","0.0"
"1510854698.176914","f4:7f:35:f7:2d:d5","-57","2437","32.61966329895254","39.782585533999985","-84.083087842","307.125","0.0","0.0","0.0"
"1510854698.179311","00:fe:c8:7d:ac:54","-73","2437","32.648430139775066","39.782585533999985","-84.083087842","307.125","0.0","0.0","0.0"
"1510854698.1846","f4:7f:35:dd:fb:85","-59","2437","32.71190374200373","39.782585533999985","-84.083087842","307.125","0.0","0.0","0.0"
"1510854698.18679","6c:50:4d:2a:a1:38","-73","2437","32.73818417098273","39.782585533999985","-84.083087842","307.125","0.0","0.0","0.0"
"1510854698.199088","6c:50:4d:2a:a1:39","-71","2437","32.88577231334474","39.782585533999985","-84.083087842","307.125","0.0","0.0","0.0"
"1510854698.201494","f4:7f:35:f7:2d:d8","-59","2437","32.91464501980387","39.782585533999985","-84.083087842","307.125","0.0","0.0","0.0"
"1510854698.20916","f4:7f:35:dd:fb:88","-61","2437","33.00664511924762","39.782585533999985","-84.083087842","307.125","0.0","0.0","0.0"
"1510854698.558354","b0:7f:b9:a3:b9:d5","-51","2447","37.197279119615004","39.782585533999985","-84.083087842","307.125","0.0","0.0","0.0"
"1510854698.565886","60:38:e0:06:34:ac","-45","2447","37.287671205875725","39.782585533999985","-84.083087842","307.125","0.0","0.0","0.0"
"1510854698.654458","60:38:e0:06:3a:f0","-61","2452","38.35061369959834","39.782585533999985","-84.083087842","307.125","0.0","0.0","0.0"
"1510854699.020762","00:fe:c8:76:dd:30","-55","2462","42.74658411647941","39.782585533999985","-84.083087842","307.125","0.0","0.0","0.0"
"1510854699.042335","00:fe:c8:76:dd:32","-57","2462","43.00547996141531","39.782585533999985","-84.083087842","307.125","0.0","0.0","0.0"
"1510854699.066863","00:fe:c8:76:dd:31","-57","2462","43.299837933380694","39.782585533999985","-84.083087842","307.125","0.0","0.0","0.0"
"1510854699.078355","f4:7f:35:cd:38:c8","-67","2462","43.43775224554368","39.782585533999985","-84.083087842","307.125","0.0","0.0","0.0"
"1510854699.192042","6c:50:4d:2a:cd:b5","-61","2412","44.80209706791608","39.782585533999985","-84.083087842","307.125","0.0","0.0","0.0"
"1510854699.20783","f4:7f:35:cd:33:59","-63","2412","44.99156508387261","39.782585533999985","-84.083087842","307.125","0.0","0.0","0.0"
"1510854699.218266","f4:7f:35:dc:16:15","-63","2412","45.116806993210545","39.782585533999985","-84.083087842","307.125","0.0","0.0","0.0"
"1510854699.232297","b4:5d:50:d7:dc:81","-61","2412","45.285190580082016","39.782585533999985","-84.083087842","307.125","0.0","0.0","0.0"
"1510854699.237327","f4:7f:35:ac:de:57","-71","2412","45.34555688281463","39.782585533999985","-84.083087842","307.125","0.0","0.0","0.0"
"1510854699.242795","f4:7f:35:dc:16:18","-59","2412","45.41117641010962","39.782585533999985","-84.083087842","307.125","0.0","0.0","0.0"
"1510854699.298133","f4:7f:35:dc:16:17","-55","2412","46.0752801322373","39.782585533999985","-84.083087842","307.125","0.0","0.0","0.0"
"1510854699.416732","f4:7f:35:cd:33:59","-67","2417","47.49857494679855","39.782585533999985","-84.083087842","307.125","0.0","0.0","0.0"
"1510854699.622268","6c:b0:ce:26:e2:2c","-71","2422","49.965187055042435","39.782585533999985","-84.083087842","307.125","0.0","0.0","0.0"
"1510854699.818089","00:16:b6:58:f3:0d","-67","2427","52.31521248504926","39.782585533999985","-84.083087842","307.125","0.0","0.0","0.0"
"1510854699.920489","00:16:b6:58:f3:0d","-73","2432","53.54410365600141","39.782585533999985","-84.083087842","307.125","0.0","0.0","0.0"
"1510854700.112234","f4:7f:35:f7:2d:d6","-61","2437","55.845213439429564","39.782585533999985","-84.083087842","307.125","0.0","0.0","0.0"
"1510854700.122473","6c:50:4d:2a:a1:37","-73","2437","55.968089108727696","39.782585533999985","-84.083087842","307.125","0.0","0.0","0.0"
"1510854700.14305","f4:7f:35:f7:1a:e9","-71","2437","56.21503072042742","39.782585533999985","-84.083087842","307.125","0.0","0.0","0.0"
"1510854700.161396","f4:7f:35:f7:2d:d5","-65","2437","56.435199770999596","39.782585533999985","-84.083087842","307.125","0.0","0.0","0.0"
"1510854700.199073","ec:08:6b:f9:e0:1f","-57","2437","56.887357627409294","39.782585533999985","-84.083087842","307.125","0.0","0.0","0.0"
"1510854700.210714","f4:7f:35:f7:1a:e5","-69","2437","57.02706021046088","39.782585533999985","-84.083087842","307.125","0.0","0.0","0.0"
"1510854700.216705","f4:7f:35:f7:2d:d6","-65","2437","57.09895728388325","39.782585533999985","-84.083087842","307.125","0.0","0.0","0.0"
"1510854700.371618","60:38:e0:06:34:e8","-45","2442","58.95804942214848","39.782585533999985","-84.083087842","307.125","0.0","0.0","0.0"
"1510854700.503963","b0:7f:b9:a3:b9:d5","-55","2447","60.54630578840874","39.782585533999985","-84.083087842","307.125","0.0","0.0","0.0"
"1510854700.511463","60:38:e0:06:34:ac","-59","2447","60.63631160815751","39.782585533999985","-84.083087842","307.125","0.0","0.0","0.0"
"1510854700.702491","60:38:e0:06:3a:f0","-61","2452","62.92881766268639","39.782585533999985","-84.083087842","307.125","0.0","0.0","0.0"
"1510854700.848684","1c:7e:e5:30:57:4e","-65","2457","64.68326304978362","39.782585533999985","-84.083087842","307.125","0.0","0.0","0.0"
"1510854701.060526","f4:7f:35:ac:9c:39","-73","2462","67.22555192080004","39.782585533999985","-84.083087842","307.125","0.0","0.0","0.0"
"1510854701.096799","00:fe:c8:5d:96:00","-69","2462","67.66085997358891","39.782585533999985","-84.083087842","307.125","0.0","0.0","0.0"
"1510854701.121025","00:fe:c8:76:dd:34","-59","2462","67.95159562404233","39.782585533999985","-84.083087842","307.125","0.0","0.0","0.0"
"1510854701.128005","18:33:9d:0c:c8:67","-73","2462","68.03536109369821","39.782585533999985","-84.083087842","307.125","0.0","0.0","0.0"
"1510854701.221801","f4:7f:35:ac:de:57","-71","2412","69.16099607292533","39.782585533999985","-84.083087842","307.125","0.0","0.0","0.0"
"1510854701.230387","00:fe:c8:7b:0d:20","-65","2412","69.2640348109103","39.782585533999985","-84.083087842","307.125","0.0","0.0","0.0"
"1510854701.236182","b4:5d:50:dd:66:21","-69","2412","69.33357995045998","39.782585533999985","-84.083087842","307.125","0.0","0.0","0.0"
"1510854701.238264","f4:7f:35:cd:33:57","-71","2412","69.35856710193234","39.782585533999985","-84.083087842","307.125","0.0","0.0","0.0"
"1510854701.245484","f4:7f:35:ac:de:55","-73","2412","69.44521383364395","39.782585533999985","-84.083087842","307.125","0.0","0.0","0.0"
"1510854701.254977","00:fe:c8:7b:0d:22","-65","2412","69.55913670356534","39.782585533999985","-84.083087842","307.125","0.0","0.0","0.0"
"1510854701.277167","b4:5d:50:d7:dc:80","-67","2412","69.8254374205968","39.782585533999985","-84.083087842","307.125","0.0","0.0","0.0"
"1510854701.291116","f4:7f:35:dd:f3:a5","-75","2412","69.99283674317117","39.782585533999985","-84.083087842","307.125","0.0","0.0","0.0"
"1510854701.296763","f4:7f:35:cd:33:59","-71","2412","70.06060505676591","39.782585533999985","-84.083087842","307.125","0.0","0.0","0.0"
"1510854701.507843","00:18:e7:e9:07:f5","-55","2417","72.59375228699977","39.782585533999985","-84.083087842","307.125","0.0","0.0","0.0"
"1510854701.610259","00:18:e7:e9:07:f5","-55","2422","73.82283516059117","39.782585533999985","-84.083087842","307.125","0.0","0.0","0.0"
"1510854701.670309","6c:b0:ce:26:e2:2c","-69","2422","74.54348830006683","39.782585533999985","-84.083087842","307.125","0.0","0.0","0.0"
"1510854701.712654","00:18:e7:e9:07:f5","-53","2422","75.05166624564147","39.782585533999985","-84.083087842","307.125","0.0","0.0","0.0"
"1510854702.170563","f4:7f:35:f7:1a:e7","-71","2437","80.54697690660356","39.782585533999985","-84.083087842","307.125","0.0","0.0","0.0"
"1510854702.179413","9c:1c:12:dd:93:c4","-79","2437","80.65318589121985","39.782585533999985","-84.083087842","307.125","0.0","0.0","0.0"
"1510854702.182714","f4:7f:35:f7:2d:d9","-71","2437","80.69279966794433","39.782585533999985","-84.083087842","307.125","0.0","0.0","0.0"
"1510854702.194304","60:38:e0:06:3a:d8","-61","2437","80.83188994704365","39.782585533999985","-84.083087842","307.125","0.0","0.0","0.0"
"1510854702.208804","f4:7f:35:dd:fb:86","-69","2437","81.00590158005576","39.782585533999985","-84.083087842","307.125","0.0","0.0","0.0"
"1510854702.211384","6c:50:4d:2a:a1:37","-77","2437","81.03686584814619","39.782585533999985","-84.083087842","307.125","0.0","0.0","0.0"
"1510854702.220215","b4:5d:50:d6:b0:e0","-65","2437","81.14284593408875","39.782585533999985","-84.083087842","307.125","0.0","0.0","0.0"
"1510854702.231967","f4:7f:35:f7:1a:e9","-71","2437","81.28387899068147","39.782585533999985","-84.083087842","307.125","0.0","0.0","0.0"
"1510854702.235705","6c:50:4d:2a:a1:35","-75","2437","81.32873740826805","39.782585533999985","-84.083087842","307.125","0.0","0.0","0.0"
"1510854702.247081","ec:08:6b:f9:e0:1f","-59","2437","81.46526116098806","39.782585533999985","-84.083087842","307.125","0.0","0.0","0.0"
"1510854702.349486","ec:08:6b:f9:e0:1f","-59","2442","82.69421241784207","39.782585533999985","-84.083087842","307.125","0.0","0.0","0.0"
"1510854702.559452","60:38:e0:06:34:ac","-55","2447","85.21398910429596","39.782585533999985","-84.083087842","307.125","0.0","0.0","0.0"
"1510854702.750445","60:38:e0:06:3a:f0","-63","2452","87.50607169627843","39.782585533999985","-84.083087842","307.125","0.0","0.0","0.0"
"1510854702.764245","60:38:e0:06:34:ac","-57","2452","87.67168560919761","39.782585533999985","-84.083087842","307.125","0.0","0.0","0.0"
"1510854702.900761","1c:7e:e5:30:57:4e","-63","2457","89.3099963929384","39.782585533999985","-84.083087842","307.125","0.0","0.0","0.0"
"1510854703.081273","00:fe:c8:5d:96:00","-73","2462","91.47630202493303","39.782585533999985","-84.083087842","307.125","0.0","0.0","0.0"
"1510854703.098841","00:fe:c8:76:dd:30","-57","2462","91.68713200961653","39.782585533999985","-84.083087842","307.125","0.0","0.0","0.0"
"1510854703.113205","6c:50:4d:2a:d1:25","-65","2462","91.85951273957822","39.782585533999985","-84.083087842","307.125","0.0","0.0","0.0"
"1510854703.130443","00:fe:c8:5d:96:01","-75","2462","92.06638563843941","39.782585533999985","-84.083087842","307.125","0.0","0.0","0.0"
"1510854703.150099","f4:7f:35:ac:9c:39","-71","2462","92.30227430543083","39.782585533999985","-84.083087842","307.125","0.0","0.0","0.0"
"1510854703.162059","18:33:9d:0c:c8:68","-75","2462","92.44580521880074","39.782585533999985","-84.083087842","307.125","0.0","0.0","0.0"
"1510854703.264035","00:fe:c8:7b:0d:21","-65","2412","93.66960625549557","39.782585533999985","-84.083087842","307.125","0.0","0.0","0.0"
"1510854703.273222","f4:7f:35:cd:2f:a7","-73","2412","93.7798581629368","39.782585533999985","-84.083087842","307.125","0.0","0.0","0.0"
"1510854703.307652","f4:7f:35:f7:20:87","-67","2412","94.19304888137536","39.782585533999985","-84.083087842","307.125","0.0","0.0","0.0"
"1510854703.311982","f4:7f:35:ac:de:57","-63","2412","94.24501174154823","39.782585533999985","-84.083087842","307.125","0.0","0.0","0.0"
"1510854703.314231","9c:1c:12:dd:75:e4","-59","2412","94.27200175641582","39.782585533999985","-84.083087842","307.125","0.0","0.0","0.0"
"1510854703.318331","88:79:7e:02:3c:fd","-37","2412","94.32120638757009","39.782585533999985","-84.083087842","307.125","0.0","0.0","0.0"
"1510854703.331571","00:fe:c8:7b:0d:24","-63","2412","94.48009926318153","39.782585533999985","-84.083087842","307.125","0.0","0.0","0.0"
"1510854703.343898","00:fe:c8:7b:0d:22","-65","2412","94.62803361478755","39.782585533999985","-84.083087842","307.125","0.0","0.0","0.0"
"1510854703.356852","f4:7f:35:f7:20:88","-67","2412","94.78349301029287","39.782585533999985","-84.083087842","307.125","0.0","0.0","0.0"
"1510854703.45342","00:18:e7:e9:07:f5","-55","2417","95.94239268928155","39.782585533999985","-84.083087842","307.125","0.0","0.0","0.0"
"1510854703.669261","00:12:17:9f:79:b6","-67","2422","98.53267588971484","39.782585533999985","-84.083087842","307.125","0.0","0.0","0.0"
"1510854703.718263","6c:b0:ce:26:e2:2c","-63","2422","99.12074233365885","39.782585533999985","-84.083087842","307.125","0.0","0.0","0.0"
"1510854704.021276","f4:7f:35:f7:17:86","-65","2432","102.75716686516209","39.782585533999985","-84.083087842","307.125","0.0","0.0","0.0"
"1510854704.072715","f4:7f:35:f7:17:85","-63","2432","103.3744808371435","39.782585533999985","-84.083087842","307.125","0.0","0.0","0.0"
"1510854704.08188","60:38:e0:06:2d:9c","-69","2432","103.48446951110994","39.782585533999985","-84.083087842","307.125","0.0","0.0","0.0"
"1510854704.174956","f4:7f:35:f7:17:85","-53","2437","104.60146356540332","39.782585533999985","-84.083087842","307.125","0.0","0.0","0.0"
"1510854704.210419","f4:7f:35:f7:17:89","-55","2437","105.027049147025","39.782585533999985","-84.083087842","307.125","0.0","0.0","0.0"
"1510854704.228062","f4:7f:35:cd:33:c6","-75","2437","105.23878042023634","39.782585533999985","-84.083087842","307.125","0.0","0.0","0.0"
"1510854704.247415","f4:7f:35:f6:c8:b9","-75","2437","105.4710353207821","39.782585533999985","-84.083087842","307.125","0.0","0.0","0.0"
"1510854704.253418","f4:7f:35:f7:17:87","-57","2437","105.54307545587555","39.782585533999985","-84.083087842","307.125","0.0","0.0","0.0"
"1510854704.27052","b4:5d:50:d6:b0:e1","-67","2437","105.74831459045289","39.782585533999985","-84.083087842","307.125","0.0","0.0","0.0"
"1510854704.365131","60:38:e0:06:34:e8","-51","2442","106.88372926551567","39.782585533999985","-84.083087842","307.125","0.0","0.0","0.0"
"1510854704.599943","b0:7f:b9:a3:b9:d5","-57","2447","109.70168080931958","39.782585533999985","-84.083087842","307.125","0.0","0.0","0.0"
"1510854704.607419","60:38:e0:06:34:ac","-53","2447","109.79140050572619","39.782585533999985","-84.083087842","307.125","0.0","0.0","0.0"
"1510854704.952812","1c:7e:e5:30:57:4e","-55","2457","113.93642072288362","39.782585533999985","-84.083087842","307.125","0.0","0.0","0.0"
"1510854705.08626","00:fe:c8:76:dd:34","-57","2462","115.53791601618643","39.782585533999985","-84.083087842","307.125","0.0","0.0","0.0"
"1510854705.125142","00:fe:c8:76:dd:31","-57","2462","116.00453454630978","39.782585533999985","-84.083087842","307.125","0.0","0.0","0.0"
"1510854705.153225","00:fe:c8:76:dd:33","-59","2462","116.34155350859385","39.782585533999985","-84.083087842","307.125","0.0","0.0","0.0"
"1510854705.263846","88:79:7e:02:3c:fd","-29","2412","117.66910286916222","39.782585533999985","-84.083087842","307.125","0.0","0.0","0.0"
"1510854705.267566","f4:7f:35:f7:20:86","-67","2412","117.71374669424218","39.782585533999985","-84.083087842","307.125","0.0","0.0","0.0"
"1510854705.271644","f4:7f:35:ac:de:56","-59","2412","117.76268809192165","39.782585533999985","-84.083087842","307.125","0.0","0.0","0.0"
"1510854705.276172","f4:7f:35:dc:16:15","-69","2412","117.81702577583457","39.782585533999985","-84.083087842","307.125","0.0","0.0","0.0"
"1510854705.279291","00:18:e7:e9:04:59","-55","2412","117.85445643145823","39.782585533999985","-84.083087842","307.125","0.0","0.0","0.0"
"1510854705.313001","f4:7f:35:dc:16:19","-67","2412","118.25900622496303","39.782585533999985","-84.083087842","307.125","0.0","0.0","0.0"
"1510854705.320768","f4:7f:35:ac:de:55","-61","2412","118.3522194873776","39.782585533999985","-84.083087842","307.125","0.0","0.0","0.0"
"1510854705.359906","9c:1c:12:dd:75:e0","-59","2412","118.82190812096252","39.782585533999985","-84.083087842","307.125","0.0","0.0","0.0"
"1510854705.501425","00:18:e7:e9:07:f5","-49","2417","120.52026188805927","39.782585533999985","-84.083087842","307.125","0.0","0.0","0.0"
"1510854706.164149","f4:7f:35:f7:1a:e5","-67","2437","128.4735351486312","39.782585533999985","-84.083087842","307.125","0.0","0.0","0.0"
"1510854706.170108","f4:7f:35:f7:2d:d6","-71","2437","128.54504881677505","39.782585533999985","-84.083087842","307.125","0.0","0.0","0.0"
"1510854706.18039","6c:50:4d:2a:a1:37","-73","2437","128.66843950808914","39.782585533999985","-84.083087842","307.125","0.0","0.0","0.0"
"1510854706.182605","f4:7f:35:f7:17:88","-57","2437","128.69502322781085","39.782585533999985","-84.083087842","307.125","0.0","0.0","0.0"
"1510854706.187853","60:38:e0:06:3a:d8","-71","2437","128.75800469789095","39.782585533999985","-84.083087842","307.125","0.0","0.0","0.0"
"1510854706.200937","f4:7f:35:f7:1a:e9","-71","2437","128.9150234656111","39.782585533999985","-84.083087842","307.125","0.0","0.0","0.0"
"1510854706.212532","f4:7f:35:cd:33:c6","-67","2437","129.0541738306123","39.782585533999985","-84.083087842","307.125","0.0","0.0","0.0"
"1510854706.227045","f4:7f:35:dd:fb:85","-77","2437","129.2283428314626","39.782585533999985","-84.083087842","307.125","0.0","0.0","0.0"
"1510854706.231889","f4:7f:35:f6:c8:b9","-69","2437","129.28647451089282","39.782585533999985","-84.083087842","307.125","0.0","0.0","0.0"
"1510854706.240641","ec:08:6b:f9:e0:1f","-55","2437","129.39150752857276","39.782585533999985","-84.083087842","307.125","0.0","0.0","0.0"
"1510854706.250321","f4:7f:35:f6:c8:b6","-67","2437","129.50767360549682","39.782585533999985","-84.083087842","307.125","0.0","0.0","0.0"
"1510854706.25612","f4:7f:35:f7:2d:d9","-69","2437","129.57726738601465","39.782585533999985","-84.083087842","307.125","0.0","0.0","0.0"
"1510854706.262891","f4:7f:35:f7:17:85","-57","2437","129.65852641519308","39.782585533999985","-84.083087842","307.125","0.0","0.0","0.0"
"1510854706.545571","b0:7f:b9:a3:b9:d5","-53","2447","133.05093637678706","39.782585533999985","-84.083087842","307.125","0.0","0.0","0.0"
"1510854706.552993","60:38:e0:06:34:ac","-53","2447","133.14000657320693","39.782585533999985","-84.083087842","307.125","0.0","0.0","0.0"
"1510854706.75783","60:38:e0:06:34:ac","-55","2452","135.59822954505816","39.782585533999985","-84.083087842","307.125","0.0","0.0","0.0"
"1510854706.894331","1c:7e:e5:30:57:4e","-63","2457","137.2363629323268","39.782585533999985","-84.083087842","307.125","0.0","0.0","0.0"
"1510854706.992682","1c:7e:e5:30:57:4e","-63","2457","138.41666177607695","39.782585533999985","-84.083087842","307.125","0.0","0.0","0.0"
"1510854707.129534","f4:7f:35:dc:4b:85","-75","2462","140.05900689894244","39.782585533999985","-84.083087842","307.125","0.0","0.0","0.0"
"1510854707.178408","00:fe:c8:5d:96:04","-73","2462","140.64553686053898","39.782585533999985","-84.083087842","307.125","0.0","0.0","0.0"
"1510854707.185328","00:fe:c8:76:dd:30","-57","2462","140.72858416060598","39.782585533999985","-84.083087842","307.125","0.0","0.0","0.0"
"1510854707.297484","f4:7f:35:dc:16:19","-71","2412","142.07455414194376","39.782585533999985","-84.083087842","307.125","0.0","0.0","0.0"
"1510854707.303539","f4:7f:35:ac:de:55","-61","2412","142.14722088715658","39.782585533999985","-84.083087842","307.125","0.0","0.0","0.0"
"1510854707.327874","f4:7f:35:ac:de:58","-65","2412","142.43926126005033","39.782585533999985","-84.083087842","307.125","0.0","0.0","0.0"
"1510854707.35862","f4:7f:35:ac:de:56","-65","2412","142.8082401996556","39.782585533999985","-84.083087842","307.125","0.0","0.0","0.0"
"1510854707.362076","00:fe:c8:7b:0d:23","-73","2412","142.84971663933766","39.782585533999985","-84.083087842","307.125","0.0","0.0","0.0"
"1510854707.446983","00:18:e7:e9:07:f5","-47","2417","143.86867625290074","39.782585533999985","-84.083087842","307.125","0.0","0.0","0.0"
"1510854707.549399","00:18:e7:e9:07:f5","-47","2417","145.0977562652587","39.782585533999985","-84.083087842","307.125","0.0","0.0","0.0"
"1510854707.66303","00:12:17:9f:79:b6","-55","2422","146.461428697777","39.782585533999985","-84.083087842","307.125","0.0","0.0","0.0"
"1510854707.814301","6c:b0:ce:26:e2:2c","-59","2427","148.2768154955246","39.782585533999985","-84.083087842","307.125","0.0","0.0","0.0"
"1510854707.916718","6c:b0:ce:26:e2:2c","-59","2427","149.50590981404972","39.782585533999985","-84.083087842","307.125","0.0","0.0","0.0"
"1510854708.033813","00:fe:c8:7d:ac:51","-63","2432","150.91115310695298","39.782585533999985","-84.083087842","307.125","0.0","0.0","0.0"
"1510854708.17473","f4:7f:35:f7:1a:e8","-69","2437","152.60228225965975","39.782585533999985","-84.083087842","307.125","0.0","0.0","0.0"
"1510854708.179378","f4:7f:35:f7:17:89","-61","2437","152.65806200521723","39.782585533999985","-84.083087842","307.125","0.0","0.0","0.0"
"1510854708.222381","f4:7f:35:f7:17:87","-67","2437","153.17413695503598","39.782585533999985","-84.083087842","307.125","0.0","0.0","0.0"
"1510854708.234816","f4:7f:35:f6:c8:b6","-67","2437","153.32336744538208","39.782585533999985","-84.083087842","307.125","0.0","0.0","0.0"
"1510854708.277627","f4:7f:35:f7:1a:e8","-75","2437","153.83713624106286","39.782585533999985","-84.083087842","307.125","0.0","0.0","0.0"
"1510854708.460599","60:38:e0:06:34:e8","-43","2442","156.03296121826995","39.782585533999985","-84.083087842","307.125","0.0","0.0","0.0"
"1510854708.593512","b0:7f:b9:a3:b9:d5","-49","2447","157.6280359037743","39.782585533999985","-84.083087842","307.125","0.0","0.0","0.0"
"1510854708.600973","60:38:e0:06:34:ac","-53","2447","157.71757248124192","39.782585533999985","-84.083087842","307.125","0.0","0.0","0.0"
"1510854708.791961","60:38:e0:06:3a:f0","-63","2452","160.00959784855593","39.782585533999985","-84.083087842","307.125","0.0","0.0","0.0"
"1510854709.112099","f4:7f:35:ad:d6:a5","-63","2462","163.851536193045","39.782585533999985","-84.083087842","307.125","0.0","0.0","0.0"
"1510854709.144459","f4:7f:35:ad:d6:a9","-65","2462","164.23988568291568","39.782585533999985","-84.083087842","307.125","0.0","0.0","0.0"
"1510854709.185254","f4:7f:35:cd:38:c5","-69","2462","164.72946275001536","39.782585533999985","-84.083087842","307.125","0.0","0.0","0.0"
"1510854709.269712","f4:7f:35:dc:16:18","-65","2412","165.74303179981183","39.782585533999985","-84.083087842","307.125","0.0","0.0","0.0"
"1510854709.273296","00:fe:c8:7b:0d:20","-61","2412","165.78604472184136","39.782585533999985","-84.083087842","307.125","0.0","0.0","0.0"
"1510854709.27773","f4:7f:35:cd:33:57","-65","2412","165.83925507978614","39.782585533999985","-84.083087842","307.125","0.0","0.0","0.0"
"1510854709.310331","f4:7f:35:f7:20:88","-67","2412","166.23049727664625","39.782585533999985","-84.083087842","307.125","0.0","0.0","0.0"
"1510854709.324349","b4:5d:50:dd:66:20","-59","2412","166.39872349567952","39.782585533999985","-84.083087842","307.125","0.0","0.0","0.0"
"1510854709.368419","b4:5d:50:d7:dc:81","-61","2412","166.9276024650607","39.782585533999985","-84.083087842","307.125","0.0","0.0","0.0"
"1510854709.374216","f4:7f:35:dc:16:18","-71","2412","166.99717335571114","39.782585533999985","-84.083087842","307.125","0.0","0.0","0.0"
"1510854709.495833","00:18:e7:e9:07:f5","-43","2417","168.4566828016918","39.782585533999985","-84.083087842","307.125","0.0","0.0","0.0"
"1510854709.858194","00:16:b6:58:f3:0d","-65","2427","172.80533700147697","39.782585533999985","-84.083087842","307.125","0.0","0.0","0.0"
"1510854710.173676","6c:50:4d:2a:a1:35","-77","2437","176.5913983184722","39.782585533999985","-84.083087842","307.125","0.0","0.0","0.0"
"1510854710.178029","00:fe:c8:7d:ac:50","-67","2437","176.64363871828698","39.782585533999985","-84.083087842","307.125","0.0","0.0","0.0"
"1510854710.183807","18:33:9d:0c:42:c8","-65","2437","176.71297784903027","39.782585533999985","-84.083087842","307.125","0.0","0.0","0.0"
"1510854710.188294","f4:7f:35:f7:2d:d5","-59","2437","176.76682626202808","39.782585533999985","-84.083087842","307.125","0.0","0.0","0.0"
"1510854710.225088","f4:7f:35:f7:2d:d9","-69","2437","177.2083861098435","39.782585533999985","-84.083087842","307.125","0.0","0.0","0.0"
"1510854710.234199","ec:08:6b:f9:e0:1f","-55","2437","177.31772814505666","39.782585533999985","-84.083087842","307.125","0.0","0.0","0.0"
"1510854710.237548","f4:7f:35:f7:1a:e5","-63","2437","177.35791989093232","39.782585533999985","-84.083087842","307.125","0.0","0.0","0.0"
"1510854710.243522","f4:7f:35:f7:2d:d6","-59","2437","177.42961095554833","39.782585533999985","-84.083087842","307.125","0.0","0.0","0.0"
"1510854710.251267","f4:7f:35:dd:fb:86","-69","2437","177.5225581232547","39.782585533999985","-84.083087842","307.125","0.0","0.0","0.0"
"1510854710.274449","f4:7f:35:f7:1a:e9","-63","2437","177.80076443255416","39.782585533999985","-84.083087842","307.125","0.0","0.0","0.0"
"1510854710.281457","88:79:7e:02:3c:fd","-61","2437","177.8848646665204","39.782585533999985","-84.083087842","307.125","0.0","0.0","0.0"
"1510854710.406417","60:38:e0:06:34:e8","-45","2442","179.38449432754115","39.782585533999985","-84.083087842","307.125","0.0","0.0","0.0"
"1510854710.41384","b4:5d:50:d6:b0:e1","-65","2442","179.47357883012813","39.782585533999985","-84.083087842","307.125","0.0","0.0","0.0"
"1510854710.438447","ec:08:6b:f9:e0:1f","-55","2442","179.76888387035612","39.782585533999985","-84.083087842","307.125","0.0","0.0","0.0"
"1510854710.539088","b0:7f:b9:a3:b9:d5","-45","2447","180.9766648611224","39.782585533999985","-84.083087842","307.125","0.0","0.0","0.0"
"1510854710.887903","1c:7e:e5:30:57:4e","-67","2457","185.1627523615826","39.782585533999985","-84.083087842","307.125","0.0","0.0","0.0"
"1510854711.079659","00:fe:c8:76:dd:31","-59","2462","187.46399376174816","39.782585533999985","-84.083087842","307.125","0.0","0.0","0.0"
"1510854711.106293","00:fe:c8:76:dd:33","-67","2462","187.78362500852808","39.782585533999985","-84.083087842","307.125","0.0","0.0","0.0"
"1510854711.11057","6c:50:4d:2a:d1:26","-71","2462","187.8349526748813","39.782585533999985","-84.083087842","307.125","0.0","0.0","0.0"
"1510854711.13424","f4:7f:35:ad:d6:a9","-61","2462","188.1190130677617","39.782585533999985","-84.083087842","307.125","0.0","0.0","0.0"
"1510854711.13999","00:fe:c8:76:dd:34","-59","2462","188.18802029542806","39.782585533999985","-84.083087842","307.125","0.0","0.0","0.0"
"1510854711.157998","00:fe:c8:76:dd:32","-59","2462","188.40413211700815","39.782585533999985","-84.083087842","307.125","0.0","0.0","0.0"
"1510854711.251347","f4:7f:35:dc:4a:c7","-59","2412","189.52440228356946","39.782585533999985","-84.083087842","307.125","0.0","0.0","0.0"
"1510854711.26971","00:fe:c8:7b:0d:24","-61","2412","189.74477448171461","39.782585533999985","-84.083087842","307.125","0.0","0.0","0.0"
"1510854711.305325","88:79:7e:02:3c:fd","-23","2412","190.17218553025936","39.782585533999985","-84.083087842","307.125","0.0","0.0","0.0"
"1510854711.312485","f4:7f:35:cd:33:58","-65","2412","190.25811123114866","39.782585533999985","-84.083087842","307.125","0.0","0.0","0.0"
"1510854711.322135","00:18:e7:e9:04:59","-65","2412","190.37391965389506","39.782585533999985","-84.083087842","307.125","0.0","0.0","0.0"
"1510854711.355773","f4:7f:35:dc:4a:c7","-65","2412","190.77760535490643","39.782585533999985","-84.083087842","307.125","0.0","0.0","0.0"
"1510854711.440525","00:18:e7:e9:07:f5","-43","2417","191.79470516674536","39.782585533999985","-84.083087842","307.125","0.0","0.0","0.0"
"1510854712.152924","b4:5d:50:d6:b0:e0","-67","2437","200.34412213321102","39.782585533999985","-84.083087842","307.125","0.0","0.0","0.0"
"1510854712.156729","f4:7f:35:dd:fb:87","-69","2437","200.38978455738913","39.782585533999985","-84.083087842","307.125","0.0","0.0","0.0"
"1510854712.170361","18:33:9d:0c:42:c8","-61","2437","200.55338130074597","39.782585533999985","-84.083087842","307.125","0.0","0.0","0.0"
"1510854712.172789","f4:7f:35:f7:2d:d5","-69","2437","200.58252010191333","39.782585533999985","-84.083087842","307.125","0.0","0.0","0.0"
"1510854712.175206","00:fe:c8:7d:ac:54","-61","2437","200.61152442510988","39.782585533999985","-84.083087842","307.125","0.0","0.0","0.0"
"1510854712.179989","ec:08:6b:f9:e0:1f","-53","2437","200.6689264900175","39.782585533999985","-84.083087842","307.125","0.0","0.0","0.0"
"1510854712.198646","f4:7f:35:f7:2d:d8","-59","2437","200.89282658897167","39.782585533999985","-84.083087842","307.125","0.0","0.0","0.0"
"1510854712.209603","f4:7f:35:f7:2d:d9","-61","2437","201.0243202933362","39.782585533999985","-84.083087842","307.125","0.0","0.0","0.0"
"1510854712.222035","f4:7f:35:f7:1a:e5","-63","2437","201.17351358764782","39.782585533999985","-84.083087842","307.125","0.0","0.0","0.0"
"1510854712.224115","18:33:9d:0c:42:c7","-61","2437","201.19847498801937","39.782585533999985","-84.083087842","307.125","0.0","0.0","0.0"
"1510854712.235711","f4:7f:35:dd:fb:86","-69","2437","201.3376396591877","39.782585533999985","-84.083087842","307.125","0.0","0.0","0.0"
"1510854712.255544","b4:5d:50:d6:b0:e0","-69","2437","201.57565136137805","39.782585533999985","-84.083087842","307.125","0.0","0.0","0.0"
"1510854712.35944","b4:5d:50:d6:b0:e1","-67","2442","202.82249677205184","39.782585533999985","-84.083087842","307.125","0.0","0.0","0.0"
"1510854712.587051","b0:7f:b9:a3:b9:d5","-45","2447","205.55402762158445","39.782585533999985","-84.083087842","307.125","0.0","0.0","0.0"
"1510854712.59452","60:38:e0:06:34:ac","-51","2447","205.64366434222185","39.782585533999985","-84.083087842","307.125","0.0","0.0","0.0"
"1510854712.785486","60:38:e0:06:3a:f0","-65","2452","207.9354236148276","39.782585533999985","-84.083087842","307.125","0.0","0.0","0.0"
"1510854713.095819","00:fe:c8:38:86:10","-75","2462","211.65969373484617","39.782585533999985","-84.083087842","307.125","0.0","0.0","0.0"
"1510854713.10115","f4:7f:35:ad:d6:a8","-65","2462","211.7236709141571","39.782585533999985","-84.083087842","307.125","0.0","0.0","0.0"
"1510854713.113445","f4:7f:35:ad:d6:a9","-65","2462","211.87122186048464","39.782585533999985","-84.083087842","307.125","0.0","0.0","0.0"
"1510854713.123037","00:fe:c8:76:dd:30","-61","2462","211.98633500350945","39.782585533999985","-84.083087842","307.125","0.0","0.0","0.0"
"1510854713.125196","b4:5d:50:d7:7c:a1","-75","2462","212.01224347214364","39.782585533999985","-84.083087842","307.125","0.0","0.0","0.0"
"1510854713.143322","00:fe:c8:76:dd:32","-61","2462","212.2297716042675","39.782585533999985","-84.083087842","307.125","0.0","0.0","0.0"
"1510854713.15649","f4:7f:35:ad:d6:a7","-65","2462","212.38780038738554","39.782585533999985","-84.083087842","307.125","0.0","0.0","0.0"
"1510854713.241804","00:fe:c8:7b:0d:20","-63","2412","213.41164126516622","39.782585533999985","-84.083087842","307.125","0.0","0.0","0.0"
"1510854713.299333","f4:7f:35:cd:2f:a7","-61","2412","214.1020425836734","39.782585533999985","-84.083087842","307.125","0.0","0.0","0.0"
"1510854713.308147","f4:7f:35:cd:33:59","-63","2412","214.2078166608096","39.782585533999985","-84.083087842","307.125","0.0","0.0","0.0"
"1510854713.311891","00:fe:c8:87:7a:d3","-71","2412","214.25274947046518","39.782585533999985","-84.083087842","307.125","0.0","0.0","0.0"
"1510854713.315627","f4:7f:35:dc:4a:c6","-63","2412","214.2975849981844","39.782585533999985","-84.083087842","307.125","0.0","0.0","0.0"
"1510854713.318582","f4:7f:35:dc:16:15","-67","2412","214.33304712521388","39.782585533999985","-84.083087842","307.125","0.0","0.0","0.0"
"1510854713.340231","f4:7f:35:dc:4a:c7","-61","2412","214.59285284237788","39.782585533999985","-84.083087842","307.125","0.0","0.0","0.0"
"1510854713.34627","00:fe:c8:7b:0d:20","-63","2412","214.66532788495147","39.782585533999985","-84.083087842","307.125","0.0","0.0","0.0"
"1510854713.450722","00:fe:c8:7b:0d:20","-63","2417","215.91884283073142","39.782585533999985","-84.083087842","307.125","0.0","0.0","0.0"
"1510854713.488478","00:18:e7:e9:07:f5","-43","2417","216.3719477554037","39.782585533999985","-84.083087842","307.125","0.0","0.0","0.0"
"1510854713.710599","00:12:17:9f:79:b6","-45","2422","219.03759584416656","39.782585533999985","-84.083087842","307.125","0.0","0.0","0.0"
"1510854713.846904","00:16:b6:58:f3:0d","-61","2427","220.6733772975625","39.782585533999985","-84.083087842","307.125","0.0","0.0","0.0"
"1510854714.014584","60:38:e0:06:2d:9c","-71","2432","222.68568562433038","39.782585533999985","-84.083087842","307.125","0.0","0.0","0.0"
"1510854714.147053","00:fe:c8:7d:ac:50","-83","2437","224.27542983196994","39.782585533999985","-84.083087842","307.125","0.0","0.0","0.0"
"1510854714.164985","f4:7f:35:dd:fb:85","-71","2437","224.4906289200885","39.782585533999985","-84.083087842","307.125","0.0","0.0","0.0"
"1510854714.17492","60:38:e0:06:3a:d8","-65","2437","224.6098593780073","39.782585533999985","-84.083087842","307.125","0.0","0.0","0.0"
"1510854714.183792","18:33:9d:0c:42:c6","-53","2437","224.71633159609837","39.782585533999985","-84.083087842","307.125","0.0","0.0","0.0"
"1510854714.227836","ec:08:6b:f9:e0:1f","-47","2437","225.24489582980314","39.782585533999985","-84.083087842","307.125","0.0","0.0","0.0"
"1510854714.237099","f4:7f:35:f7:2d:d7","-71","2437","225.35606047070598","39.782585533999985","-84.083087842","307.125","0.0","0.0","0.0"
"1510854714.243423","f4:7f:35:f7:1a:e9","-55","2437","225.43195468721854","39.782585533999985","-84.083087842","307.125","0.0","0.0","0.0"
"1510854714.247128","6c:50:4d:2a:a1:35","-71","2437","225.47641825459291","39.782585533999985","-84.083087842","307.125","0.0","0.0","0.0"
"1510854714.399711","60:38:e0:06:34:e8","-53","2442","227.30754755862716","39.782585533999985","-84.083087842","307.125","0.0","0.0","0.0"
"1510854714.533319","b0:7f:b9:a3:b9:d5","-45","2447","228.910962739556","39.782585533999985","-84.083087842","307.125","0.0","0.0","0.0"
"1510854714.540096","60:38:e0:06:34:ac","-51","2447","228.99229329956992","39.782585533999985","-84.083087842","307.125","0.0","0.0","0.0"
"1510854714.72868","20:aa:4b:b3:09:56","-77","2452","231.2554659890588","39.782585533999985","-84.083087842","307.125","0.0","0.0","0.0"
"1510854714.731027","60:38:e0:06:3a:f0","-63","2452","231.28363197086273","39.782585533999985","-84.083087842","307.125","0.0","0.0","0.0"
"1510854715.244885","f4:7f:35:dc:4a:c5","-65","2412","237.45038255644596","39.782585533999985","-84.083087842","307.125","0.0","0.0","0.0"
"1510854715.269398","f4:7f:35:dc:4a:c8","-61","2412","237.74456027070573","39.782585533999985","-84.083087842","307.125","0.0","0.0","0.0"
"1510854715.306216","f4:7f:35:f6:bb:99","-65","2412","238.18640910309676","39.782585533999985","-84.083087842","307.125","0.0","0.0","0.0"
"1510854715.307984","b4:5d:50:d7:dc:80","-65","2412","238.20762801015266","39.782585533999985","-84.083087842","307.125","0.0","0.0","0.0"
"1510854715.33434","6c:50:4d:2a:cd:b6","-69","2412","238.52392305876282","39.782585533999985","-84.083087842","307.125","0.0","0.0","0.0"
"1510854715.349271","f4:7f:35:f6:bb:97","-63","2412","238.70310780180148","39.782585533999985","-84.083087842","307.125","0.0","0.0","0.0"
"1510854715.434076","00:18:e7:e9:07:f5","-49","2417","239.72084280746006","39.782585533999985","-84.083087842","307.125","0.0","0.0","0.0"
"1510854715.649957","00:12:17:9f:79:b6","-61","2422","242.31160383387476","39.782585533999985","-84.083087842","307.125","0.0","0.0","0.0"
"1510854715.982155","f4:7f:35:f7:1a:e5","-65","2432","246.2982748097709","39.782585533999985","-84.083087842","307.125","0.0","0.0","0.0"
"1510854716.157693","00:fe:c8:7d:ac:52","-53","2437","248.40488366765362","39.782585533999985","-84.083087842","307.125","0.0","0.0","0.0"
"1510854716.173372","ec:08:6b:f9:e0:1f","-43","2437","248.59304696116985","39.782585533999985","-84.083087842","307.125","0.0","0.0","0.0"
"1510854716.180691","00:fe:c8:7d:ac:51","-51","2437","248.68088110475145","39.782585533999985","-84.083087842","307.125","0.0","0.0","0.0"
"1510854716.20527","00:fe:c8:7d:ac:53","-53","2437","248.97585138066913","39.782585533999985","-84.083087842","307.125","0.0","0.0","0.0"
"1510854716.209485","f4:7f:35:f7:17:88","-73","2437","249.0264351263327","39.782585533999985","-84.083087842","307.125","0.0","0.0","0.0"
"1510854716.227831","f4:7f:35:f7:1a:e9","-65","2437","249.24660131567143","39.782585533999985","-84.083087842","307.125","0.0","0.0","0.0"
"1510854716.231561","6c:50:4d:2a:a1:35","-69","2437","249.29136531255511","39.782585533999985","-84.083087842","307.125","0.0","0.0","0.0"
"1510854716.235991","00:fe:c8:7d:ac:50","-53","2437","249.3445298907651","39.782585533999985","-84.083087842","307.125","0.0","0.0","0.0"
"1510854716.241725","18:33:9d:0c:42:c8","-55","2437","249.41334255455877","39.782585533999985","-84.083087842","307.125","0.0","0.0","0.0"
"1510854716.24626","f4:7f:35:f7:1a:e6","-65","2437","249.4677660754744","39.782585533999985","-84.083087842","307.125","0.0","0.0","0.0"
"1510854716.248635","00:fe:c8:7d:ac:54","-53","2437","249.49626968282212","39.782585533999985","-84.083087842","307.125","0.0","0.0","0.0"
"1510854716.345359","60:38:e0:06:34:e8","-49","2442","250.65704346970205","39.782585533999985","-84.083087842","307.125","0.0","0.0","0.0"
"1510854716.580636","b0:7f:b9:a3:b9:d5","-39","2447","253.48057441867843","39.782585533999985","-84.083087842","307.125","0.0","0.0","0.0"
"1510854716.588087","60:38:e0:06:34:ac","-53","2447","253.56999368557572","39.782585533999985","-84.083087842","307.125","0.0","0.0","0.0"
"1510854716.779011","60:38:e0:06:3a:f0","-57","2452","255.8612493810993","39.782585533999985","-84.083087842","307.125","0.0","0.0","0.0"
"1510854717.058587","00:fe:c8:76:dd:33","-61","2462","259.2164089447752","39.782585533999985","-84.083087842","307.125","0.0","0.0","0.0"
"1510854717.06063","6c:50:4d:2a:d1:26","-71","2462","259.2409268539664","39.782585533999985","-84.083087842","307.125","0.0","0.0","0.0"
"1510854717.068744","18:33:9d:0c:c8:69","-69","2462","259.33830034977626","39.782585533999985","-84.083087842","307.125","0.0","0.0","0.0"
"1510854717.108343","18:33:9d:0c:c8:67","-71","2462","259.8135226087989","39.782585533999985","-84.083087842","307.125","0.0","0.0","0.0"
"1510854717.135623","00:fe:c8:76:dd:31","-63","2462","260.14090779815183","39.782585533999985","-84.083087842","307.125","0.0","0.0","0.0"
"1510854717.160171","00:fe:c8:76:dd:33","-61","2462","260.4355061137246","39.782585533999985","-84.083087842","307.125","0.0","0.0","0.0"
"1510854717.258018","b4:5d:50:d7:dc:80","-57","2412","261.6097563100211","39.782585533999985","-84.083087842","307.125","0.0","0.0","0.0"
"1510854717.25974","b4:5d:50:d7:dc:81","-57","2412","261.6304229990266","39.782585533999985","-84.083087842","307.125","0.0","0.0","0.0"
"1510854717.275033","00:fe:c8:87:7a:d3","-75","2412","261.8139510943995","39.782585533999985","-84.083087842","307.125","0.0","0.0","0.0"
"1510854717.281047","f4:7f:35:ac:de:56","-65","2412","261.8861257074638","39.782585533999985","-84.083087842","307.125","0.0","0.0","0.0"
"1510854717.290673","f4:7f:35:f6:bb:99","-67","2412","262.00164514563454","39.782585533999985","-84.083087842","307.125","0.0","0.0","0.0"
"1510854717.303559","00:fe:c8:76:db:13","-77","2412","262.15628908961463","39.782585533999985","-84.083087842","307.125","0.0","0.0","0.0"
"1510854717.305623","f4:7f:35:ac:de:57","-69","2412","262.18105878734696","39.782585533999985","-84.083087842","307.125","0.0","0.0","0.0"
"1510854717.309107","f4:7f:35:f6:bb:96","-69","2412","262.2228699913394","39.782585533999985","-84.083087842","307.125","0.0","0.0","0.0"
"1510854717.346833","88:79:7e:02:3c:fd","-19","2412","262.6756144006005","39.782585533999985","-84.083087842","307.125","0.0","0.0","0.0"
"1510854717.686865","00:18:e7:e9:07:f5","-57","2422","266.75629978426934","39.782585533999985","-84.083087842","307.125","0.0","0.0","0.0"
"1510854717.697962","00:12:17:9f:79:b6","-43","2422","266.88947303265246","39.782585533999985","-84.083087842","307.125","0.0","0.0","0.0"
"1510854718.016578","ec:08:6b:f9:e0:1f","-45","2432","270.7131452629769","39.782585533999985","-84.083087842","307.125","0.0","0.0","0.0"
"1510854718.175501","f4:7f:35:f7:1a:e5","-53","2437","272.6203633473964","39.782585533999985","-84.083087842","307.125","0.0","0.0","0.0"
"1510854718.20005","f4:7f:35:f7:1a:e8","-67","2437","272.9149731079029","39.782585533999985","-84.083087842","307.125","0.0","0.0","0.0"
"1510854718.204808","18:33:9d:0c:42:c5","-59","2437","272.97207188206784","39.782585533999985","-84.083087842","307.125","0.0","0.0","0.0"
"1510854718.212319","f4:7f:35:f7:1a:e9","-55","2437","273.062209318554","39.782585533999985","-84.083087842","307.125","0.0","0.0","0.0"
"1510854718.216059","6c:50:4d:2a:a1:35","-63","2437","273.1070934872414","39.782585533999985","-84.083087842","307.125","0.0","0.0","0.0"
"1510854718.221334","ec:08:6b:f9:e0:1f","-41","2437","273.17039827669817","39.782585533999985","-84.083087842","307.125","0.0","0.0","0.0"
"1510854718.223733","00:fe:c8:7d:ac:50","-49","2437","273.19918800738805","39.782585533999985","-84.083087842","307.125","0.0","0.0","0.0"
"1510854718.230756","f4:7f:35:f7:1a:e6","-55","2437","273.28347136029333","39.782585533999985","-84.083087842","307.125","0.0","0.0","0.0"
"1510854718.233083","00:fe:c8:7d:ac:54","-49","2437","273.31139699848984","39.782585533999985","-84.083087842","307.125","0.0","0.0","0.0"
"1510854718.240581","6c:50:4d:2a:a1:38","-61","2437","273.4013799283713","39.782585533999985","-84.083087842","307.125","0.0","0.0","0.0"
"1510854718.252868","6c:50:4d:2a:a1:39","-63","2437","273.54883359276243","39.782585533999985","-84.083087842","307.125","0.0","0.0","0.0"
"1510854718.257505","18:33:9d:0c:42:c6","-65","2437","273.60448172158254","39.782585533999985","-84.083087842","307.125","0.0","0.0","0.0"
"1510854718.26966","00:fe:c8:7d:ac:51","-51","2437","273.7503531238915","39.782585533999985","-84.083087842","307.125","0.0","0.0","0.0"
"1510854718.273954","f4:7f:35:f7:17:85","-71","2437","273.80188393781765","39.782585533999985","-84.083087842","307.125","0.0","0.0","0.0"
"1510854718.280034","f4:7f:35:f7:1a:e5","-69","2437","273.8748511125398","39.782585533999985","-84.083087842","307.125","0.0","0.0","0.0"
"1510854718.631835","b0:7f:b9:a3:b9:d5","-41","2447","278.09677270037423","39.782585533999985","-84.083087842","307.125","0.0","0.0","0.0"
"1510854718.636053","60:38:e0:06:34:ac","-57","2447","278.1473936420723","39.782585533999985","-84.083087842","307.125","0.0","0.0","0.0"
"1510854718.724591","60:38:e0:06:3a:f0","-61","2452","279.2099269794156","39.782585533999985","-84.083087842","307.125","0.0","0.0","0.0"
"1510854718.827088","60:38:e0:06:3a:f0","-59","2452","280.4399826723704","39.782585533999985","-84.083087842","307.125","0.0","0.0","0.0"
"1510854719.096929","6c:50:4d:2a:d1:25","-73","2462","283.67831235296836","39.782585533999985","-84.083087842","307.125","0.0","0.0","0.0"
"1510854719.197337","18:33:9d:0c:c8:67","-63","2462","284.88329505744815","39.782585533999985","-84.083087842","307.125","0.0","0.0","0.0"
"1510854719.269014","00:fe:c8:7b:0d:23","-65","2412","285.74348196720354","39.782585533999985","-84.083087842","307.125","0.0","0.0","0.0"
"1510854719.286119","9c:1c:12:dd:75:e0","-63","2412","285.94875829781535","39.782585533999985","-84.083087842","307.125","0.0","0.0","0.0"
"1510854719.287366","9c:1c:12:dd:75:e1","-63","2412","285.96372254861126","39.782585533999985","-84.083087842","307.125","0.0","0.0","0.0"
"1510854719.288507","9c:1c:12:dd:75:e4","-65","2412","285.9774164117679","39.782585533999985","-84.083087842","307.125","0.0","0.0","0.0"
"1510854719.305285","b4:5d:50:d7:dc:81","-65","2412","286.17876713012504","39.782585533999985","-84.083087842","307.125","0.0","0.0","0.0"
"1510854719.318171","f4:7f:35:f6:bb:97","-71","2412","286.33341107410513","39.782585533999985","-84.083087842","307.125","0.0","0.0","0.0"
"1510854719.329433","f4:7f:35:cd:33:55","-65","2412","286.4685642960161","39.782585533999985","-84.083087842","307.125","0.0","0.0","0.0"
"1510854719.342797","f4:7f:35:f6:bb:95","-69","2412","286.62894501300684","39.782585533999985","-84.083087842","307.125","0.0","0.0","0.0"
"1510854719.357985","f4:7f:35:cd:2f:a7","-73","2412","286.8112141656742","39.782585533999985","-84.083087842","307.125","0.0","0.0","0.0"
"1510854719.530016","00:18:e7:e9:07:f5","-49","2417","288.87573714115604","39.782585533999985","-84.083087842","307.125","0.0","0.0","0.0"
"1510854719.750513","00:12:17:9f:79:b6","-67","2422","291.52189736908315","39.782585533999985","-84.083087842","307.125","0.0","0.0","0.0"
"1510854720.184525","f4:7f:35:f7:1a:e8","-67","2437","296.7304237429473","39.782585533999985","-84.083087842","307.125","0.0","0.0","0.0"
"1510854720.190571","f4:7f:35:f7:2d:d7","-69","2437","296.8029817612901","39.782585533999985","-84.083087842","307.125","0.0","0.0","0.0"
"1510854720.205005","00:fe:c8:7d:ac:50","-53","2437","296.97620083264434","39.782585533999985","-84.083087842","307.125","0.0","0.0","0.0"
"1510854720.222932","f4:7f:35:dd:fb:85","-67","2437","297.19134269609447","39.782585533999985","-84.083087842","307.125","0.0","0.0","0.0"
"1510854720.225065","6c:50:4d:2a:a1:38","-61","2437","297.21693929028567","39.782585533999985","-84.083087842","307.125","0.0","0.0","0.0"
"1510854720.239729","f4:7f:35:f7:2d:d8","-69","2437","297.39291945189194","39.782585533999985","-84.083087842","307.125","0.0","0.0","0.0"
"1510854720.24743","f4:7f:35:dd:fb:88","-69","2437","297.4853401526487","39.782585533999985","-84.083087842","307.125","0.0","0.0","0.0"
"1510854720.259738","f4:7f:35:dd:fb:89","-65","2437","297.633045605581","39.782585533999985","-84.083087842","307.125","0.0","0.0","0.0"
"1510854720.269409","ec:08:6b:f9:e0:1f","-49","2437","297.7491058168685","39.782585533999985","-84.083087842","307.125","0.0","0.0","0.0"
"1510854720.278725","00:fe:c8:7d:ac:53","-55","2437","297.8609056515909","39.782585533999985","-84.083087842","307.125","0.0","0.0","0.0"
"1510854720.371244","ec:08:6b:f9:e0:1f","-51","2442","298.971215864611","39.782585533999985","-84.083087842","307.125","0.0","0.0","0.0"
"1510854720.441214","60:38:e0:06:34:e8","-55","2442","299.81091920429986","39.782585533999985","-84.083087842","307.125","0.0","0.0","0.0"
"1510854720.574209","b0:7f:b9:a3:b9:d5","-49","2447","301.4069752928679","39.782585533999985","-84.083087842","307.125","0.0","0.0","0.0"
"1510854720.58163","60:38:e0:06:34:ac","-51","2447","301.4960340443541","39.782585533999985","-84.083087842","307.125","0.0","0.0","0.0"
"1510854721.032525","6c:50:4d:2a:d1:26","-61","2457","306.9071729405144","39.782585533999985","-84.083087842","307.125","0.0","0.0","0.0"
"1510854721.140566","18:33:9d:0c:c8:69","-59","2462","308.20376089422575","39.782585533999985","-84.083087842","307.125","0.0","0.0","0.0"
"1510854721.18624","00:fe:c8:76:dd:32","-45","2462","308.7518873808352","39.782585533999985","-84.083087842","307.125","0.0","0.0","0.0"
"1510854721.315804","e4:aa:5d:4c:20:21","-59","2412","310.3067703204639","39.782585533999985","-84.083087842","307.125","0.0","0.0","0.0"
"1510854721.349327","00:18:e7:e9:04:59","-71","2412","310.709076906966","39.782585533999985","-84.083087842","307.125","0.0","0.0","0.0"
"1510854721.357945","00:fe:c8:7b:0d:23","-65","2412","310.81249905022946","39.782585533999985","-84.083087842","307.125","0.0","0.0","0.0"
"1510854721.369011","f4:7f:35:cd:33:56","-63","2412","310.94530033826777","39.782585533999985","-84.083087842","307.125","0.0","0.0","0.0"
"1510854721.378239","00:fe:c8:76:db:13","-69","2412","311.0560443778575","39.782585533999985","-84.083087842","307.125","0.0","0.0","0.0"
"1510854721.403836","f4:7f:35:ac:de:55","-67","2412","311.36323212048615","39.782585533999985","-84.083087842","307.125","0.0","0.0","0.0"
"1510854721.691563","00:12:17:9f:79:b6","-57","2422","314.81620867115225","39.782585533999985","-84.083087842","307.125","0.0","0.0","0.0"
"1510854721.936729","00:16:b6:58:f3:0d","-55","2427","317.75841785999705","39.782585533999985","-84.083087842","307.125","0.0","0.0","0.0"
"1510854722.039258","00:16:b6:58:f3:0d","-55","2432","318.9888569582304","39.782585533999985","-84.083087842","307.125","0.0","0.0","0.0"
"1510854722.104086","60:38:e0:06:2d:9c","-59","2432","319.76684921547843","39.782585533999985","-84.083087842","307.125","0.0","0.0","0.0"
"1510854722.141296","00:16:b6:58:f3:0d","-57","2432","320.21340191561484","39.782585533999985","-84.083087842","307.125","0.0","0.0","0.0"
"1510854722.228926","00:fe:c8:7d:ac:52","-65","2437","321.265039676088","39.782585533999985","-84.083087842","307.125","0.0","0.0","0.0"
"1510854722.25102","18:33:9d:0c:42:c7","-73","2437","321.5301873160505","39.782585533999985","-84.083087842","307.125","0.0","0.0","0.0"
"1510854722.279505","f4:7f:35:f7:2d:d7","-71","2437","321.8720331791171","39.782585533999985","-84.083087842","307.125","0.0","0.0","0.0"
"1510854722.299625","18:33:9d:0c:42:c8","-67","2437","322.1134898063473","39.782585533999985","-84.083087842","307.125","0.0","0.0","0.0"
"1510854722.304141","f4:7f:35:f7:2d:d5","-69","2437","322.16768728982254","39.782585533999985","-84.083087842","307.125","0.0","0.0","0.0"
"1510854722.314004","6c:50:4d:2a:a1:38","-63","2437","322.2860507940145","39.782585533999985","-84.083087842","307.125","0.0","0.0","0.0"
"1510854722.317315","ec:08:6b:f9:e0:1f","-57","2437","322.3257876037761","39.782585533999985","-84.083087842","307.125","0.0","0.0","0.0"
"1510854722.319739","00:fe:c8:7d:ac:52","-61","2437","322.3548777639753","39.782585533999985","-84.083087842","307.125","0.0","0.0","0.0"
"1510854722.326361","6c:50:4d:2a:a1:39","-63","2437","322.43434566103167","39.782585533999985","-84.083087842","307.125","0.0","0.0","0.0"
"1510854722.489721","60:38:e0:06:34:e8","-45","2442","324.39481129943044","39.782585533999985","-84.083087842","307.125","0.0","0.0","0.0"
"1510854722.622676","b0:7f:b9:a3:b9:d5","-49","2447","325.99038670078363","39.782585533999985","-84.083087842","307.125","0.0","0.0","0.0"
"1510854722.629599","60:38:e0:06:34:ac","-47","2447","326.0734711968851","39.782585533999985","-84.083087842","307.125","0.0","0.0","0.0"
"1510854723.141919","6c:50:4d:2a:d1:27","-59","2462","332.22176110443104","39.782585533999985","-84.083087842","307.125","0.0","0.0","0.0"
"1510854723.145939","00:fe:c8:76:dd:30","-47","2462","332.270007222389","39.782585533999985","-84.083087842","307.125","0.0","0.0","0.0"
"1510854723.170591","6c:50:4d:2a:d1:25","-63","2462","332.5658530357337","39.782585533999985","-84.083087842","307.125","0.0","0.0","0.0"
"1510854723.186641","b4:5d:50:dd:65:40","-67","2462","332.75846554722074","39.782585533999985","-84.083087842","307.125","0.0","0.0","0.0"
"1510854723.19639","00:fe:c8:76:dd:31","-47","2462","332.8754613818371","39.782585533999985","-84.083087842","307.125","0.0","0.0","0.0"
"1510854723.20409","6c:50:4d:2a:d1:29","-61","2462","332.9678706376602","39.782585533999985","-84.083087842","307.125","0.0","0.0","0.0"
"1510854723.250522","00:fe:c8:76:dd:30","-47","2462","333.5250929853175","39.782585533999985","-84.083087842","307.125","0.0","0.0","0.0"
"1510854723.35631","f4:7f:35:cd:33:56","-61","2412","334.79464228319307","39.782585533999985","-84.083087842","307.125","0.0","0.0","0.0"
"1510854723.361472","00:fe:c8:76:db:13","-69","2412","334.8565908480079","39.782585533999985","-84.083087842","307.125","0.0","0.0","0.0"
"1510854723.364427","6c:50:4d:2a:cd:b9","-63","2412","334.89205583627086","39.782585533999985","-84.083087842","307.125","0.0","0.0","0.0"
"1510854723.370009","f4:7f:35:dc:16:18","-57","2412","334.9590430331414","39.782585533999985","-84.083087842","307.125","0.0","0.0","0.0"
"1510854723.388279","88:79:7e:02:3c:fd","-27","2412","335.178299350252","39.782585533999985","-84.083087842","307.125","0.0","0.0","0.0"
"1510854723.398198","00:fe:c8:7b:0d:22","-55","2412","335.29733524429815","39.782585533999985","-84.083087842","307.125","0.0","0.0","0.0"
"1510854723.400063","b4:5d:50:d7:dc:80","-59","2412","335.3197186733567","39.782585533999985","-84.083087842","307.125","0.0","0.0","0.0"
"1510854723.627124","00:18:e7:e9:07:f5","-59","2417","338.0446515186187","39.782585533999985","-84.083087842","307.125","0.0","0.0","0.0"
"1510854723.882082","00:16:b6:58:f3:0d","-55","2427","341.1043715640958","39.782585533999985","-84.083087842","307.125","0.0","0.0","0.0"
"1510854723.900265","88:79:7e:02:3c:fd","-43","2427","341.32258353100747","39.782585533999985","-84.083087842","307.125","0.0","0.0","0.0"
"1510854724.247166","f4:7f:35:dd:fb:86","-61","2437","345.48570104955763","39.782585533999985","-84.083087842","307.125","0.0","0.0","0.0"
"1510854724.262907","ec:08:6b:f9:e0:1f","-55","2437","345.6746082637635","39.782585533999985","-84.083087842","307.125","0.0","0.0","0.0"
"1510854724.278431","00:fe:c8:7d:ac:50","-63","2437","345.86090889432216","39.782585533999985","-84.083087842","307.125","0.0","0.0","0.0"
"1510854724.288622","f4:7f:35:f7:2d:d5","-61","2437","345.9832094557025","39.782585533999985","-84.083087842","307.125","0.0","0.0","0.0"
"1510854724.296308","f4:7f:35:dd:fb:85","-61","2437","346.0754498987537","39.782585533999985","-84.083087842","307.125","0.0","0.0","0.0"
"1510854724.312376","60:38:e0:06:3a:d8","-47","2437","346.2682798639808","39.782585533999985","-84.083087842","307.125","0.0","0.0","0.0"
"1510854724.340093","b4:5d:50:d6:b0:e1","-61","2437","346.6009068329624","39.782585533999985","-84.083087842","307.125","0.0","0.0","0.0"
"1510854724.35159","f4:7f:35:dd:fb:86","-61","2437","346.7388812310272","39.782585533999985","-84.083087842","307.125","0.0","0.0","0.0"
"1510854724.35432","6c:50:4d:2a:a1:37","-67","2437","346.77164521494","39.782585533999985","-84.083087842","307.125","0.0","0.0","0.0"
"1510854724.538186","60:38:e0:06:34:e8","-47","2442","348.97819981747875","39.782585533999985","-84.083087842","307.125","0.0","0.0","0.0"
"1510854724.670189","b0:7f:b9:a3:b9:d5","-53","2447","350.5623503137787","39.782585533999985","-84.083087842","307.125","0.0","0.0","0.0"
"1510854724.677578","60:38:e0:06:34:ac","-45","2447","350.6510256599864","39.782585533999985","-84.083087842","307.125","0.0","0.0","0.0"
"1510854725.175477","f4:7f:35:ac:9c:38","-61","2462","356.62625386401623","39.782585533999985","-84.083087842","307.125","0.0","0.0","0.0"
"1510854725.202385","f4:7f:35:cd:38:c9","-57","2462","356.9491726679978","39.782585533999985","-84.083087842","307.125","0.0","0.0","0.0"
"1510854725.205102","00:fe:c8:76:dd:33","-55","2462","356.98177928407233","39.782585533999985","-84.083087842","307.125","0.0","0.0","0.0"
"1510854725.224043","00:fe:c8:5d:96:00","-59","2462","357.20908711203185","39.782585533999985","-84.083087842","307.125","0.0","0.0","0.0"
"1510854725.236261","00:fe:c8:5d:96:04","-59","2462","357.3557138799641","39.782585533999985","-84.083087842","307.125","0.0","0.0","0.0"
"1510854725.245392","f4:7f:35:cd:38:c7","-57","2462","357.4652962587847","39.782585533999985","-84.083087842","307.125","0.0","0.0","0.0"
"1510854725.249047","00:fe:c8:5d:96:02","-59","2462","357.50915896714054","39.782585533999985","-84.083087842","307.125","0.0","0.0","0.0"
"1510854725.27324","00:fe:c8:5d:96:01","-59","2462","357.7994969061483","39.782585533999985","-84.083087842","307.125","0.0","0.0","0.0"
"1510854725.348065","f4:7f:35:ac:de:57","-69","2412","358.69746068077137","39.782585533999985","-84.083087842","307.125","0.0","0.0","0.0"
"1510854725.354512","f4:7f:35:dc:16:18","-59","2412","358.77483129372956","39.782585533999985","-84.083087842","307.125","0.0","0.0","0.0"
"1510854725.357632","00:fe:c8:7b:0d:20","-53","2412","358.81227339428693","39.782585533999985","-84.083087842","307.125","0.0","0.0","0.0"
"1510854725.362538","f4:7f:35:cd:33:57","-59","2412","358.8711518556402","39.782585533999985","-84.083087842","307.125","0.0","0.0","0.0"
"1510854725.382198","00:fe:c8:7b:0d:22","-53","2412","359.1070891635998","39.782585533999985","-84.083087842","307.125","0.0","0.0","0.0"
"1510854725.385225","f4:7f:35:dc:16:16","-59","2412","359.14341538312266","39.782585533999985","-84.083087842","307.125","0.0","0.0","0.0"
"1510854725.387355","f4:7f:35:cd:33:55","-61","2412","359.1689776425128","39.782585533999985","-84.083087842","307.125","0.0","0.0","0.0"
"1510854725.406774","00:fe:c8:7b:0d:21","-55","2412","359.4020222434829","39.782585533999985","-84.083087842","307.125","0.0","0.0","0.0"
"1510854725.418641","2a:c2:dd:a0:30:c0","-75","2412","359.5444372758184","39.782585533999985","-84.083087842","307.125","0.0","0.0","0.0"
"1510854725.428878","b4:5d:50:dd:66:21","-59","2412","359.66729005524917","39.782585533999985","-84.083087842","307.125","0.0","0.0","0.0"
"1510854725.430931","f4:7f:35:cd:33:58","-61","2412","359.69192813624403","39.782585533999985","-84.083087842","307.125","0.0","0.0","0.0"
"1510854725.878744","00:18:e7:e9:07:f5","-59","2417","365.06607700672765","39.782585533999985","-84.083087842","307.125","0.0","0.0","0.0"
"1510854725.981966","00:18:e7:e9:07:f5","-53","2417","366.3048337105181","39.782585533999985","-84.083087842","307.125","0.0","0.0","0.0"
"1510854726.045734","9c:1c:12:dd:75:e1","-65","2417","367.0701049239729","39.782585533999985","-84.083087842","307.125","0.0","0.0","0.0"
