capture,pass,duration,hop-rate,timestamp,bssid,ssid,encryption,cipher,auth,ssi,channel,bearing_magnetic,bearing_true,lat,lon,alt,lat_err,lon_error,alt_error,mw
discovery-hop-dist-2,10,20,0.1833,1513270670.574047,00:fe:c8:87:7a:d2,,WPA,CCMP,FT,-37,1,0.0,353.70964009253436,39.78262016249998,-84.0823971748,338.06129999999996,0.0,0.0,0.0,0.00019952623149688788
discovery-hop-dist-2,10,20,0.1833,1513270670.585007,f4:7f:35:f7:1a:e8,,Open,,,-53,1,0.0,353.70964009253436,39.78262016249998,-84.0823971748,338.06129999999996,0.0,0.0,0.0,5.011872336272725e-06
discovery-hop-dist-2,10,20,0.1833,1513270670.597069,f4:7f:35:f7:1a:e9,,Open,,,-49,1,0.0,353.70964009253436,39.78262016249998,-84.0823971748,338.06129999999996,0.0,0.0,0.0,1.2589254117941661e-05
discovery-hop-dist-2,10,20,0.1833,1513270670.601304,00:fe:c8:87:7a:d1,,WPA,CCMP,PSK,-35,1,0.0,353.70964009253436,39.78262016249998,-84.0823971748,338.06129999999996,0.0,0.0,0.0,0.00031622776601683794
discovery-hop-dist-2,10,20,0.1833,1513270670.62346,00:fe:c8:87:7a:d3,,WPA,CCMP,PSK,-35,1,0.0,353.70964009253436,39.78262016249998,-84.0823971748,338.06129999999996,0.0,0.0,0.0,0.00031622776601683794
discovery-hop-dist-2,10,20,0.1833,1513270670.652121,00:fe:c8:87:7a:d0,,WPA,CCMP,FT,-35,1,0.0,353.70964009253436,39.78262016249998,-84.0823971748,338.06129999999996,0.0,0.0,0.0,0.00031622776601683794
discovery-hop-dist-2,10,20,0.1833,1513270670.664312,00:fe:c8:87:7a:d4,,WPA,CCMP,,-37,1,0.0,353.70964009253436,39.78262016249998,-84.0823971748,338.06129999999996,0.0,0.0,0.0,0.00019952623149688788
discovery-hop-dist-2,10,20,0.1833,1513270670.666433,f4:7f:35:f7:1a:e5,AFITCIS,Open,,,-49,1,0.0,353.70964009253436,39.78262016249998,-84.0823971748,338.06129999999996,0.0,0.0,0.0,1.2589254117941661e-05
discovery-hop-dist-2,10,20,0.1833,1513270670.676682,00:fe:c8:87:7a:d2,,WPA,CCMP,FT,-35,1,0.0,353.70964009253436,39.78262016249998,-84.0823971748,338.06129999999996,0.0,0.0,0.0,0.00031622776601683794
discovery-hop-dist-2,10,20,0.1833,1513270670.689327,f4:7f:35:f7:1a:e8,,Open,,,-49,1,0.05129190603121957,353.7609319985656,39.78262016249998,-84.0823971748,338.06129999999996,0.0,0.0,0.0,1.2589254117941661e-05
discovery-hop-dist-2,10,20,0.1833,1513270670.701573,f4:7f:35:f7:1a:e9,,Open,,,-53,1,0.27173422629576066,353.98137431883015,39.78262016249998,-84.0823971748,338.06129999999996,0.0,0.0,0.0,5.011872336272725e-06
discovery-hop-dist-2,10,20,0.1833,1513270670.703957,00:fe:c8:87:7a:d1,,WPA,CCMP,PSK,-37,1,0.3146527318862716,354.0242928244206,39.78262016249998,-84.0823971748,338.06129999999996,0.0,0.0,0.0,0.00019952623149688788
discovery-hop-dist-2,10,20,0.1833,1513270670.72793,00:fe:c8:87:7a:d3,,WPA,CCMP,PSK,-37,1,0.7461983055988585,354.4558383981332,39.78262016249998,-84.0823971748,338.06129999999996,0.0,0.0,0.0,0.00019952623149688788
discovery-hop-dist-2,10,20,0.1833,1513270670.756619,00:fe:c8:87:7a:d0,,WPA,CCMP,FT,-37,1,1.2626366833694762,354.9722767759038,39.78262016249998,-84.0823971748,338.06129999999996,0.0,0.0,0.0,0.00019952623149688788
discovery-hop-dist-2,10,20,0.1833,1513270670.7587,18:33:9d:0c:c8:69,,Open,,,-69,1,1.300095955048874,355.00973604758326,39.78262016249998,-84.0823971748,338.06129999999996,0.0,0.0,0.0,1.2589254117941662e-07
discovery-hop-dist-2,10,20,0.1833,1513270670.768751,00:fe:c8:87:7a:d4,,WPA,CCMP,,-35,1,1.4810274990667907,355.19066759160114,39.78262016249998,-84.0823971748,338.06129999999996,0.0,0.0,0.0,0.00031622776601683794
discovery-hop-dist-2,10,20,0.1833,1513270670.77109,f4:7f:35:f7:1a:e5,AFITCIS,Open,,,-47,1,1.523134844901641,355.23277493743603,39.78262016249998,-84.0823971748,338.06129999999996,0.0,0.0,0.0,1.9952623149688786e-05
discovery-hop-dist-2,10,20,0.1833,1513270670.781229,00:fe:c8:87:7a:d2,,WPA,CCMP,FT,-37,1,1.7056500817758475,355.4152901743102,39.78262016249998,-84.0823971748,338.06129999999996,0.0,0.0,0.0,0.00019952623149688788
discovery-hop-dist-2,10,20,0.1833,1513270670.805965,f4:7f:35:f7:1a:e9,,Open,,,-49,1,2.150929577277398,355.86056966981175,39.78262016249998,-84.0823971748,338.06129999999996,0.0,0.0,0.0,1.2589254117941661e-05
discovery-hop-dist-2,10,20,0.1833,1513270670.808366,00:fe:c8:87:7a:d1,,WPA,CCMP,PSK,-37,1,2.1941528042576017,355.90379289679197,39.78262016249998,-84.0823971748,338.06129999999996,0.0,0.0,0.0,0.00019952623149688788
discovery-hop-dist-2,10,20,0.1833,1513270670.83028,00:fe:c8:87:7a:d3,,WPA,CCMP,PSK,-35,1,2.5886339565422234,356.2982740490766,39.78262016249998,-84.0823971748,338.06129999999996,0.0,0.0,0.0,0.00031622776601683794
discovery-hop-dist-2,10,20,0.1833,1513270670.860987,00:fe:c8:87:7a:d0,,WPA,CCMP,FT,-37,1,3.1413985574446492,356.851038649979,39.78262016249998,-84.0823971748,338.06129999999996,0.0,0.0,0.0,0.00019952623149688788
discovery-hop-dist-2,10,20,0.1833,1513270670.873268,00:fe:c8:87:7a:d4,,WPA,CCMP,,-35,1,3.3624717797413712,357.07211187227574,39.78262016249998,-84.0823971748,338.06129999999996,0.0,0.0,0.0,0.00031622776601683794
discovery-hop-dist-2,10,20,0.1833,1513270670.875397,f4:7f:35:f7:1a:e5,AFITCIS,Open,,,-49,1,3.400798005233697,357.11043809776805,39.78262016249998,-84.0823971748,338.06129999999996,0.0,0.0,0.0,1.2589254117941661e-05
discovery-hop-dist-2,10,20,0.1833,1513270671.000842,00:12:17:9f:79:b6,RESEARCH_MULLINS_3,WPA,TKIP,,-55,3,5.658976636131223,359.3686167286656,39.78262016249998,-84.0823971748,338.06129999999996,0.0,0.0,0.0,3.162277660168379e-06
discovery-hop-dist-2,10,20,0.1833,1513270671.007444,00:fe:c8:7d:ac:51,,WPA,CCMP,PSK,-29,6,5.777817978111348,359.4874580706457,39.78262016249998,-84.0823971748,338.06129999999996,0.0,0.0,0.0,0.0012589254117941675
discovery-hop-dist-2,10,20,0.1833,1513270671.019733,b0:7f:b9:a3:b9:d5,C-EDGE,WPA,CCMP,,-43,3,5.999037123327077,359.7086772158614,39.78262016249998,-84.0823971748,338.06129999999996,0.0,0.0,0.0,5.011872336272725e-05
discovery-hop-dist-2,10,20,0.1833,1513270671.119729,b0:7f:b9:a3:b9:d5,C-EDGE,WPA,CCMP,,-41,3,7.799099333700931,1.5087394262352962,39.78262016249998,-84.0823971748,338.06129999999996,0.0,0.0,0.0,7.943282347242822e-05
discovery-hop-dist-2,10,20,0.1833,1513270671.26705,ec:08:6b:f9:e0:1f,AUTO_RES,WPA,CCMP,,-43,6,10.45107242079363,4.1607125133279945,39.78262016249998,-84.0823971748,338.06129999999996,0.0,0.0,0.0,5.011872336272725e-05
discovery-hop-dist-2,10,20,0.1833,1513270671.369434,ec:08:6b:f9:e0:1f,AUTO_RES,WPA,CCMP,,-43,6,12.294121806366938,6.0037618989013035,39.78262016249998,-84.0823971748,338.06129999999996,0.0,0.0,0.0,5.011872336272725e-05
discovery-hop-dist-2,10,20,0.1833,1513270672.000252,00:fe:c8:76:dd:30,,WPA,CCMP,FT,-65,11,23.64968027322779,17.359320365762155,39.78262016249998,-84.0823971748,338.06129999999996,0.0,0.0,0.0,3.162277660168379e-07
discovery-hop-dist-2,10,20,0.1833,1513270672.017227,00:fe:c8:38:86:10,,WPA,CCMP,FT,-51,11,23.95525144933111,17.664891541865476,39.78262016249998,-84.0823971748,338.06129999999996,0.0,0.0,0.0,7.943282347242822e-06
discovery-hop-dist-2,10,20,0.1833,1513270672.028993,6c:50:4d:2a:cd:b7,,Open,,,-47,11,24.167054274420284,17.87669436695465,39.78262016249998,-84.0823971748,338.06129999999996,0.0,0.0,0.0,1.9952623149688786e-05
discovery-hop-dist-2,10,20,0.1833,1513270672.035674,00:fe:c8:38:86:19,,WPA,CCMP,PSK,-51,11,24.28732480263657,17.996964895170933,39.78262016249998,-84.0823971748,338.06129999999996,0.0,0.0,0.0,7.943282347242822e-06
discovery-hop-dist-2,10,20,0.1833,1513270672.062937,b4:5d:50:d7:7c:a0,,Open,,,-63,11,24.778093622213504,18.48773371474787,39.78262016249998,-84.0823971748,338.06129999999996,0.0,0.0,0.0,5.011872336272725e-07
discovery-hop-dist-2,10,20,0.1833,1513270672.109581,6c:50:4d:2a:cd:b6,,Open,,,-49,11,25.6177469737357,19.327387066270063,39.78262016249998,-84.0823971748,338.06129999999996,0.0,0.0,0.0,1.2589254117941661e-05
discovery-hop-dist-2,10,20,0.1833,1513270672.12168,00:fe:c8:38:86:10,,WPA,CCMP,FT,-51,11,25.835545514055863,19.545185606590227,39.78262016249998,-84.0823971748,338.06129999999996,0.0,0.0,0.0,7.943282347242822e-06
discovery-hop-dist-2,10,20,0.1833,1513270672.136193,6c:50:4d:2a:cd:b7,,Open,,,-49,11,26.096799041286424,19.80643913382079,39.78262016249998,-84.0823971748,338.06129999999996,0.0,0.0,0.0,1.2589254117941661e-05
discovery-hop-dist-2,10,20,0.1833,1513270672.159182,6c:50:4d:2a:cd:b5,AFITCIS,Open,,,-51,11,26.510632147741802,20.220272240276167,39.78262016249998,-84.0823971748,338.06129999999996,0.0,0.0,0.0,7.943282347242822e-06
discovery-hop-dist-2,10,20,0.1833,1513270672.803054,ec:08:6b:f9:e0:1f,AUTO_RES,WPA,CCMP,,-47,6,38.10118230826238,31.810822400796745,39.78262016249998,-84.0823971748,338.06129999999996,0.0,0.0,0.0,1.9952623149688786e-05
discovery-hop-dist-2,10,20,0.1833,1513270672.807679,00:fe:c8:7d:ac:53,,WPA,CCMP,PSK,-19,6,38.184435625406856,31.89407571794122,39.78262016249998,-84.0823971748,338.06129999999996,0.0,0.0,0.0,0.012589254117941675
discovery-hop-dist-2,10,20,0.1833,1513270672.838377,00:fe:c8:7d:ac:50,,WPA,CCMP,FT,-19,6,38.7370414278386,32.44668152037296,39.78262016249998,-84.0823971748,338.06129999999996,0.0,0.0,0.0,0.012589254117941675
discovery-hop-dist-2,10,20,0.1833,1513270672.841598,6c:50:4d:2a:a1:37,,Open,,,-57,6,38.79502432889137,32.50466442142574,39.78262016249998,-84.0823971748,338.06129999999996,0.0,0.0,0.0,1.9952623149688787e-06
discovery-hop-dist-2,10,20,0.1833,1513270672.850593,00:fe:c8:7d:ac:54,,WPA,CCMP,,-19,6,38.95694726678325,32.66658735931762,39.78262016249998,-84.0823971748,338.06129999999996,0.0,0.0,0.0,0.012589254117941675
discovery-hop-dist-2,10,20,0.1833,1513270672.862956,00:fe:c8:7d:ac:52,,WPA,CCMP,FT,-19,6,39.179496885672286,32.88913697820665,39.78262016249998,-84.0823971748,338.06129999999996,0.0,0.0,0.0,0.012589254117941675
discovery-hop-dist-2,10,20,0.1833,1513270672.866222,6c:50:4d:2a:a1:35,AFITCIS,Open,,,-49,6,39.23828665463017,32.94792674716454,39.78262016249998,-84.0823971748,338.06129999999996,0.0,0.0,0.0,1.2589254117941661e-05
discovery-hop-dist-2,10,20,0.1833,1513270672.87446,e8:fc:af:f5:df:d4,,WPA,CCMP,,-73,6,39.38658296699706,33.096223059531425,39.78262016249998,-84.0823971748,338.06129999999996,0.0,0.0,0.0,5.011872336272725e-08
discovery-hop-dist-2,10,20,0.1833,1513270672.88754,00:fe:c8:7d:ac:51,,WPA,CCMP,PSK,-19,6,39.622042472367724,33.33168256490209,39.78262016249998,-84.0823971748,338.06129999999996,0.0,0.0,0.0,0.012589254117941675
discovery-hop-dist-2,10,20,0.1833,1513270672.890751,6c:50:4d:2a:a1:38,,Open,,,-67,6,39.67984082384647,33.38948091638083,39.78262016249998,-84.0823971748,338.06129999999996,0.0,0.0,0.0,1.9952623149688787e-07
discovery-hop-dist-2,10,20,0.1833,1513270672.903049,6c:50:4d:2a:a1:39,,Open,,,-59,6,39.90122305938344,33.610863151917805,39.78262016249998,-84.0823971748,338.06129999999996,0.0,0.0,0.0,1.2589254117941661e-06
discovery-hop-dist-2,10,20,0.1833,1513270672.905424,ec:08:6b:f9:e0:1f,AUTO_RES,WPA,CCMP,,-47,6,39.94397847465271,33.653618567187074,39.78262016249998,-84.0823971748,338.06129999999996,0.0,0.0,0.0,1.9952623149688786e-05
discovery-hop-dist-2,10,20,0.1833,1513270672.912112,00:fe:c8:7d:ac:53,,WPA,CCMP,PSK,-21,6,40.06436917468465,33.774009267219014,39.78262016249998,-84.0823971748,338.06129999999996,0.0,0.0,0.0,0.007943282347242814
discovery-hop-dist-2,10,20,0.1833,1513270672.921471,6c:50:4d:2a:a1:36,,Open,,,-59,6,40.2328457683802,33.942485860914566,39.78262016249998,-84.0823971748,338.06129999999996,0.0,0.0,0.0,1.2589254117941661e-06
discovery-hop-dist-2,10,20,0.1833,1513270672.942826,00:fe:c8:7d:ac:50,,WPA,CCMP,FT,-19,6,40.61726253110385,34.32690262363821,39.78262016249998,-84.0823971748,338.06129999999996,0.0,0.0,0.0,0.012589254117941675
discovery-hop-dist-2,10,20,0.1833,1513270672.955046,00:fe:c8:7d:ac:54,,WPA,CCMP,,-21,6,40.837237039657445,34.54687713219181,39.78262016249998,-84.0823971748,338.06129999999996,0.0,0.0,0.0,0.007943282347242814
discovery-hop-dist-2,10,20,0.1833,1513270672.967956,00:fe:c8:7d:ac:52,,WPA,CCMP,FT,-19,6,41.069636455579506,34.77927654811387,39.78262016249998,-84.0823971748,338.06129999999996,0.0,0.0,0.0,0.012589254117941675
discovery-hop-dist-2,10,20,0.1833,1513270673.393509,00:fe:c8:38:86:19,,WPA,CCMP,PSK,-55,11,48.730151934728674,42.43979202726304,39.78262016249998,-84.0823971748,338.06129999999996,0.0,0.0,0.0,3.162277660168379e-06
discovery-hop-dist-2,10,20,0.1833,1513270673.448789,00:fe:c8:38:86:13,,WPA,CCMP,FT,-57,11,49.72526469720083,43.43490478973519,39.78262016249998,-84.0823971748,338.06129999999996,0.0,0.0,0.0,1.9952623149688787e-06
discovery-hop-dist-2,10,20,0.1833,1513270673.501596,00:fe:c8:38:86:19,,WPA,CCMP,PSK,-57,11,50.67586238567449,44.385502478208856,39.78262016249998,-84.0823971748,338.06129999999996,0.0,0.0,0.0,1.9952623149688787e-06
discovery-hop-dist-2,10,20,0.1833,1513270673.588895,00:fe:c8:87:7a:d4,,WPA,CCMP,,-35,1,52.247362094526075,45.95700218706044,39.78262016249998,-84.0823971748,338.06129999999996,0.0,0.0,0.0,0.00031622776601683794
discovery-hop-dist-2,10,20,0.1833,1513270673.59098,f4:7f:35:f7:1a:e5,AFITCIS,Open,,,-47,1,52.28489432766498,45.994534420199344,39.78262016249998,-84.0823971748,338.06129999999996,0.0,0.0,0.0,1.9952623149688786e-05
discovery-hop-dist-2,10,20,0.1833,1513270673.601233,00:fe:c8:87:7a:d2,,WPA,CCMP,FT,-35,1,52.469461069106416,46.17910116164078,39.78262016249998,-84.0823971748,338.06129999999996,0.0,0.0,0.0,0.00031622776601683794
discovery-hop-dist-2,10,20,0.1833,1513270673.613794,f4:7f:35:f7:1a:e8,,Open,,,-51,1,52.69557721581002,46.40521730834438,39.78262016249998,-84.0823971748,338.06129999999996,0.0,0.0,0.0,7.943282347242822e-06
discovery-hop-dist-2,10,20,0.1833,1513270673.626076,f4:7f:35:f7:1a:e9,,Open,,,-51,1,52.91666760550898,46.62630769804334,39.78262016249998,-84.0823971748,338.06129999999996,0.0,0.0,0.0,7.943282347242822e-06
discovery-hop-dist-2,10,20,0.1833,1513270673.628477,00:fe:c8:87:7a:d1,,WPA,CCMP,PSK,-35,1,52.95989083248918,46.669530925023544,39.78262016249998,-84.0823971748,338.06129999999996,0.0,0.0,0.0,0.00031622776601683794
discovery-hop-dist-2,10,20,0.1833,1513270673.650759,00:fe:c8:87:7a:d3,,WPA,CCMP,PSK,-35,1,53.36099431018642,47.070634402720785,39.78262016249998,-84.0823971748,338.06129999999996,0.0,0.0,0.0,0.00031622776601683794
discovery-hop-dist-2,10,20,0.1833,1513270673.68704,00:fe:c8:87:7a:d0,,WPA,CCMP,FT,-33,1,54.01410237715946,47.723742469693825,39.78262016249998,-84.0823971748,338.06129999999996,0.0,0.0,0.0,0.0005011872336272725
discovery-hop-dist-2,10,20,0.1833,1513270673.693919,00:fe:c8:87:7a:d4,,WPA,CCMP,,-35,1,54.137930849489194,47.84757094202356,39.78262016249998,-84.0823971748,338.06129999999996,0.0,0.0,0.0,0.00031622776601683794
discovery-hop-dist-2,10,20,0.1833,1513270673.705703,00:fe:c8:87:7a:d2,,WPA,CCMP,FT,-33,1,54.35005985522086,48.05969994775523,39.78262016249998,-84.0823971748,338.06129999999996,0.0,0.0,0.0,0.0005011872336272725
discovery-hop-dist-2,10,20,0.1833,1513270673.735749,00:fe:c8:87:7a:d1,,WPA,CCMP,PSK,-35,1,54.890927446373595,48.60056753890796,39.78262016249998,-84.0823971748,338.06129999999996,0.0,0.0,0.0,0.00031622776601683794
discovery-hop-dist-2,10,20,0.1833,1513270673.754812,00:fe:c8:87:7a:d3,,WPA,CCMP,PSK,-35,1,55.23408664967309,48.94372674220745,39.78262016249998,-84.0823971748,338.06129999999996,0.0,0.0,0.0,0.00031622776601683794
discovery-hop-dist-2,10,20,0.1833,1513270673.868085,00:12:17:9f:79:b6,RESEARCH_MULLINS_3,WPA,TKIP,,-55,3,57.273149142128815,50.98278923466318,39.78262016249998,-84.0823971748,338.06129999999996,0.0,0.0,0.0,3.162277660168379e-06
discovery-hop-dist-2,10,20,0.1833,1513270673.907452,00:fe:c8:7d:ac:52,,WPA,CCMP,FT,-31,6,57.98181092273822,51.691451015272584,39.78262016249998,-84.0823971748,338.06129999999996,0.0,0.0,0.0,0.0007943282347242813
discovery-hop-dist-2,10,20,0.1833,1513270673.970534,00:12:17:9f:79:b6,RESEARCH_MULLINS_3,WPA,TKIP,,-53,3,59.11737020290475,52.827010295439116,39.78262016249998,-84.0823971748,338.06129999999996,0.0,0.0,0.0,5.011872336272725e-06
discovery-hop-dist-2,10,20,0.1833,1513270673.989844,b0:7f:b9:a3:b9:d5,C-EDGE,WPA,CCMP,,-43,3,59.464975763383414,53.17461585591778,39.78262016249998,-84.0823971748,338.06129999999996,0.0,0.0,0.0,5.011872336272725e-05
discovery-hop-dist-2,10,20,0.1833,1513270674.236668,ec:08:6b:f9:e0:1f,AUTO_RES,WPA,CCMP,,-43,6,63.908135513893846,57.61777560642821,39.78262016249998,-84.0823971748,338.06129999999996,0.0,0.0,0.0,5.011872336272725e-05
discovery-hop-dist-2,10,20,0.1833,1513270674.910539,6c:50:4d:2a:cd:b9,,Open,,,-49,11,76.03870347915647,69.74834357169084,39.78262016249998,-84.0823971748,338.06129999999996,0.0,0.0,0.0,1.2589254117941661e-05
discovery-hop-dist-2,10,20,0.1833,1513270674.91292,00:fe:c8:38:86:13,,WPA,CCMP,FT,-53,11,76.08156619068971,69.79120628322408,39.78262016249998,-84.0823971748,338.06129999999996,0.0,0.0,0.0,5.011872336272725e-06
discovery-hop-dist-2,10,20,0.1833,1513270674.929283,6c:50:4d:2a:cd:b6,,Open,,,-49,11,76.37612018640795,70.08576027894232,39.78262016249998,-84.0823971748,338.06129999999996,0.0,0.0,0.0,1.2589254117941661e-05
discovery-hop-dist-2,10,20,0.1833,1513270674.936995,00:fe:c8:76:dd:34,,WPA,CCMP,,-67,11,76.51494867644158,70.22458876897595,39.78262016249998,-84.0823971748,338.06129999999996,0.0,0.0,0.0,1.9952623149688787e-07
discovery-hop-dist-2,10,20,0.1833,1513270674.941791,00:fe:c8:38:86:10,,WPA,CCMP,FT,-51,11,76.60128354228743,70.3109236348218,39.78262016249998,-84.0823971748,338.06129999999996,0.0,0.0,0.0,7.943282347242822e-06
discovery-hop-dist-2,10,20,0.1833,1513270674.94767,b4:5d:50:d7:dc:81,,Open,,,-67,11,76.70711199337252,70.4167520859069,39.78262016249998,-84.0823971748,338.06129999999996,0.0,0.0,0.0,1.9952623149688787e-07
discovery-hop-dist-2,10,20,0.1833,1513270674.960201,00:fe:c8:38:86:19,,WPA,CCMP,PSK,-53,11,76.9326873669057,70.64232745944007,39.78262016249998,-84.0823971748,338.06129999999996,0.0,0.0,0.0,5.011872336272725e-06
discovery-hop-dist-2,10,20,0.1833,1513270674.974003,00:fe:c8:76:dd:31,,WPA,CCMP,PSK,-67,11,77.18114259576916,70.89078268830353,39.78262016249998,-84.0823971748,338.06129999999996,0.0,0.0,0.0,1.9952623149688787e-07
discovery-hop-dist-2,10,20,0.1833,1513270674.978561,6c:50:4d:2a:cd:b5,AFITCIS,Open,,,-49,11,77.26318990290655,70.97282999544092,39.78262016249998,-84.0823971748,338.06129999999996,0.0,0.0,0.0,1.2589254117941661e-05
discovery-hop-dist-2,10,20,0.1833,1513270674.998592,00:fe:c8:76:dd:33,,WPA,CCMP,PSK,-67,11,77.62377401947577,71.33341411201015,39.78262016249998,-84.0823971748,338.06129999999996,0.0,0.0,0.0,1.9952623149688787e-07
discovery-hop-dist-2,10,20,0.1833,1513270675.002981,6c:50:4d:2a:cd:b8,,Open,,,-49,11,77.70278269641734,71.41242278895172,39.78262016249998,-84.0823971748,338.06129999999996,0.0,0.0,0.0,1.2589254117941661e-05
discovery-hop-dist-2,10,20,0.1833,1513270675.014969,6c:50:4d:2a:cd:b9,,Open,,,-49,11,77.91858552622755,71.62822561876192,39.78262016249998,-84.0823971748,338.06129999999996,0.0,0.0,0.0,1.2589254117941661e-05
discovery-hop-dist-2,10,20,0.1833,1513270675.01737,00:fe:c8:38:86:13,,WPA,CCMP,FT,-51,11,77.96180446135719,71.67144455389156,39.78262016249998,-84.0823971748,338.06129999999996,0.0,0.0,0.0,7.943282347242822e-06
discovery-hop-dist-2,10,20,0.1833,1513270675.029224,00:fe:c8:76:dd:30,,WPA,CCMP,FT,-69,11,78.17519097930266,71.88483107183703,39.78262016249998,-84.0823971748,338.06129999999996,0.0,0.0,0.0,1.2589254117941662e-07
discovery-hop-dist-2,10,20,0.1833,1513270675.033856,6c:50:4d:2a:cd:b6,,Open,,,-51,11,78.25857305196391,71.96821314449828,39.78262016249998,-84.0823971748,338.06129999999996,0.0,0.0,0.0,7.943282347242822e-06
discovery-hop-dist-2,10,20,0.1833,1513270675.046214,00:fe:c8:38:86:10,,WPA,CCMP,FT,-55,11,78.48103683384176,72.19067692637613,39.78262016249998,-84.0823971748,338.06129999999996,0.0,0.0,0.0,3.162277660168379e-06
discovery-hop-dist-2,10,20,0.1833,1513270675.048464,b4:5d:50:d7:dc:80,,Open,,,-67,11,78.52153902756751,72.23117912010188,39.78262016249998,-84.0823971748,338.06129999999996,0.0,0.0,0.0,1.9952623149688787e-07
discovery-hop-dist-2,10,20,0.1833,1513270675.050189,b4:5d:50:d7:dc:81,,Open,,,-67,11,78.55259056636226,72.26223065889663,39.78262016249998,-84.0823971748,338.06129999999996,0.0,0.0,0.0,1.9952623149688787e-07
discovery-hop-dist-2,10,20,0.1833,1513270675.064659,00:fe:c8:38:86:19,,WPA,CCMP,PSK,-53,11,78.81307156049219,72.52271165302656,39.78262016249998,-84.0823971748,338.06129999999996,0.0,0.0,0.0,5.011872336272725e-06
discovery-hop-dist-2,10,20,0.1833,1513270675.235843,f4:7f:35:f7:1a:e7,,Open,,,-55,1,81.89460738633919,75.60424747887356,39.78262016249998,-84.0823971748,338.06129999999996,0.0,0.0,0.0,3.162277660168379e-06
discovery-hop-dist-2,10,20,0.1833,1513270675.683128,00:fe:c8:7d:ac:52,,WPA,CCMP,FT,-19,6,89.94633362764698,83.65597372018135,39.78262016249998,-84.0823971748,338.06129999999996,0.0,0.0,0.0,0.012589254117941675
discovery-hop-dist-2,10,20,0.1833,1513270675.686335,6c:50:4d:2a:a1:35,AFITCIS,Open,,,-67,6,90.00406330951678,83.71370340205115,39.78262016249998,-84.0823971748,338.06129999999996,0.0,0.0,0.0,1.9952623149688787e-07
discovery-hop-dist-2,10,20,0.1833,1513270675.707696,00:fe:c8:7d:ac:51,,WPA,CCMP,PSK,-21,6,90.3885873685044,84.09822746103877,39.78262016249998,-84.0823971748,338.06129999999996,0.0,0.0,0.0,0.007943282347242814
discovery-hop-dist-2,10,20,0.1833,1513270675.710867,6c:50:4d:2a:a1:38,,Open,,,-57,6,90.44566898093979,84.15530907347416,39.78262016249998,-84.0823971748,338.06129999999996,0.0,0.0,0.0,1.9952623149688787e-06
discovery-hop-dist-2,10,20,0.1833,1513270675.732235,00:fe:c8:7d:ac:53,,WPA,CCMP,PSK,-19,6,90.83032179544418,84.53996188797855,39.78262016249998,-84.0823971748,338.06129999999996,0.0,0.0,0.0,0.012589254117941675
discovery-hop-dist-2,10,20,0.1833,1513270675.741706,e8:fc:af:f5:df:d4,,WPA,CCMP,,-71,6,91.00081126705193,84.7104513595863,39.78262016249998,-84.0823971748,338.06129999999996,0.0,0.0,0.0,7.943282347242822e-08
discovery-hop-dist-2,10,20,0.1833,1513270675.76297,00:fe:c8:7d:ac:50,,WPA,CCMP,FT,-19,6,91.38359283471257,85.09323292724694,39.78262016249998,-84.0823971748,338.06129999999996,0.0,0.0,0.0,0.012589254117941675
discovery-hop-dist-2,10,20,0.1833,1513270675.766163,6c:50:4d:2a:a1:37,,Open,,,-55,6,91.44107358924994,85.15071368178431,39.78262016249998,-84.0823971748,338.06129999999996,0.0,0.0,0.0,3.162277660168379e-06
discovery-hop-dist-2,10,20,0.1833,1513270675.772973,ec:08:6b:f9:e0:1f,AUTO_RES,WPA,CCMP,,-45,6,91.56366171676812,85.2733018093025,39.78262016249998,-84.0823971748,338.06129999999996,0.0,0.0,0.0,3.1622776601683795e-05
discovery-hop-dist-2,10,20,0.1833,1513270675.77575,00:fe:c8:7d:ac:54,,WPA,CCMP,,-19,6,91.61364890022938,85.32328899276375,39.78262016249998,-84.0823971748,338.06129999999996,0.0,0.0,0.0,0.012589254117941675
discovery-hop-dist-2,10,20,0.1833,1513270675.787541,00:fe:c8:7d:ac:52,,WPA,CCMP,FT,-21,6,91.82590236962727,85.53554246216164,39.78262016249998,-84.0823971748,338.06129999999996,0.0,0.0,0.0,0.007943282347242814
discovery-hop-dist-2,10,20,0.1833,1513270675.790785,6c:50:4d:2a:a1:35,AFITCIS,Open,,,-55,6,91.88430158018427,85.59394167271864,39.78262016249998,-84.0823971748,338.06129999999996,0.0,0.0,0.0,3.162277660168379e-06
discovery-hop-dist-2,10,20,0.1833,1513270675.812126,00:fe:c8:7d:ac:51,,WPA,CCMP,PSK,-19,6,92.26846512372492,85.9781052162593,39.78262016249998,-84.0823971748,338.06129999999996,0.0,0.0,0.0,0.012589254117941675
discovery-hop-dist-2,10,20,0.1833,1513270675.816934,6c:50:4d:2a:a1:38,,Open,,,-73,6,92.35501887394932,86.06465896648369,39.78262016249998,-84.0823971748,338.06129999999996,0.0,0.0,0.0,5.011872336272725e-08
discovery-hop-dist-2,10,20,0.1833,1513270675.8276,6c:50:4d:2a:a1:39,,Open,,,-57,6,92.54701910055903,86.2566591930934,39.78262016249998,-84.0823971748,338.06129999999996,0.0,0.0,0.0,1.9952623149688787e-06
discovery-hop-dist-2,10,20,0.1833,1513270675.836776,00:fe:c8:7d:ac:53,,WPA,CCMP,PSK,-21,6,92.71219955302523,86.4218396455596,39.78262016249998,-84.0823971748,338.06129999999996,0.0,0.0,0.0,0.007943282347242814
discovery-hop-dist-2,10,20,0.1833,1513270675.867489,00:fe:c8:7d:ac:50,,WPA,CCMP,FT,-21,6,93.26507574204219,86.97471583457656,39.78262016249998,-84.0823971748,338.06129999999996,0.0,0.0,0.0,0.007943282347242814
discovery-hop-dist-2,10,20,0.1833,1513270676.375233,00:fe:c8:38:86:13,,WPA,CCMP,FT,-55,11,102.40513803181527,96.11477812434964,39.78262016249998,-84.0823971748,338.06129999999996,0.0,0.0,0.0,3.162277660168379e-06
discovery-hop-dist-2,10,20,0.1833,1513270676.470511,00:fe:c8:87:7a:d3,,WPA,CCMP,PSK,-35,1,104.12026881147605,97.82990890401042,39.78262016249998,-84.0823971748,338.06129999999996,0.0,0.0,0.0,0.00031622776601683794
discovery-hop-dist-2,10,20,0.1833,1513270676.485941,b4:5d:50:dd:65:40,,Open,,,-69,1,104.39802879595673,98.1076688884911,39.78262016249998,-84.0823971748,338.06129999999996,0.0,0.0,0.0,1.2589254117941662e-07
discovery-hop-dist-2,10,20,0.1833,1513270676.501178,00:fe:c8:87:7a:d0,,WPA,CCMP,FT,-37,1,104.67231667333513,98.3819567658695,39.78262016249998,-84.0823971748,338.06129999999996,0.0,0.0,0.0,0.00019952623149688788
discovery-hop-dist-2,10,20,0.1833,1513270676.508804,ec:08:6b:4d:e2:07,AFITCIS_,Open,,,-69,1,104.80959580531693,98.5192358978513,39.78262016249998,-84.0823971748,338.06129999999996,0.0,0.0,0.0,1.2589254117941662e-07
discovery-hop-dist-2,10,20,0.1833,1513270676.513408,00:fe:c8:87:7a:d4,,WPA,CCMP,,-35,1,104.89247143961221,98.60211153214658,39.78262016249998,-84.0823971748,338.06129999999996,0.0,0.0,0.0,0.00031622776601683794
discovery-hop-dist-2,10,20,0.1833,1513270676.515534,f4:7f:35:f7:1a:e5,AFITCIS,Open,,,-47,1,104.93074187104727,98.64038196358165,39.78262016249998,-84.0823971748,338.06129999999996,0.0,0.0,0.0,1.9952623149688786e-05
discovery-hop-dist-2,10,20,0.1833,1513270676.526245,00:fe:c8:87:7a:d2,,WPA,CCMP,FT,-35,1,105.12355754926321,98.83319764179758,39.78262016249998,-84.0823971748,338.06129999999996,0.0,0.0,0.0,0.00031622776601683794
discovery-hop-dist-2,10,20,0.1833,1513270676.538348,f4:7f:35:f7:1a:e8,,Open,,,-47,1,105.34142475919232,99.0510648517267,39.78262016249998,-84.0823971748,338.06129999999996,0.0,0.0,0.0,1.9952623149688786e-05
discovery-hop-dist-2,10,20,0.1833,1513270676.550654,f4:7f:35:f7:1a:e9,,Open,,,-53,1,105.56294862579773,99.2725887183321,39.78262016249998,-84.0823971748,338.06129999999996,0.0,0.0,0.0,5.011872336272725e-06
discovery-hop-dist-2,10,20,0.1833,1513270676.553041,00:fe:c8:87:7a:d1,,WPA,CCMP,PSK,-35,1,105.60591863359494,99.31555872612931,39.78262016249998,-84.0823971748,338.06129999999996,0.0,0.0,0.0,0.00031622776601683794
discovery-hop-dist-2,10,20,0.1833,1513270676.577082,00:fe:c8:87:7a:d3,,WPA,CCMP,PSK,-35,1,106.03868738471688,99.74832747725125,39.78262016249998,-84.0823971748,338.06129999999996,0.0,0.0,0.0,0.00031622776601683794
discovery-hop-dist-2,10,20,0.1833,1513270676.58834,b4:5d:50:dd:65:40,,Open,,,-69,1,106.24134856811526,99.95098866064963,39.78262016249998,-84.0823971748,338.06129999999996,0.0,0.0,0.0,1.2589254117941662e-07
discovery-hop-dist-2,10,20,0.1833,1513270676.590064,b4:5d:50:dd:65:41,,Open,,,-69,1,106.27238293950776,99.98202303204214,39.78262016249998,-84.0823971748,338.06129999999996,0.0,0.0,0.0,1.2589254117941662e-07
discovery-hop-dist-2,10,20,0.1833,1513270676.605663,00:fe:c8:87:7a:d0,,WPA,CCMP,FT,-37,1,106.5531858460348,100.26282593856916,39.78262016249998,-84.0823971748,338.06129999999996,0.0,0.0,0.0,0.00019952623149688788
discovery-hop-dist-2,10,20,0.1833,1513270676.620598,00:fe:c8:87:7a:d4,,WPA,CCMP,,-35,1,106.82203594875486,100.53167604128923,39.78262016249998,-84.0823971748,338.06129999999996,0.0,0.0,0.0,0.00031622776601683794
discovery-hop-dist-2,10,20,0.1833,1513270676.630414,00:fe:c8:87:7a:d2,,WPA,CCMP,FT,-35,1,106.99873572812157,100.70837582065595,39.78262016249998,-84.0823971748,338.06129999999996,0.0,0.0,0.0,0.00031622776601683794
discovery-hop-dist-2,10,20,0.1833,1513270676.64283,f4:7f:35:f7:1a:e8,,Open,,,-53,1,107.22223813783471,100.93187823036908,39.78262016249998,-84.0823971748,338.06129999999996,0.0,0.0,0.0,5.011872336272725e-06
discovery-hop-dist-2,10,20,0.1833,1513270676.736693,00:12:17:9f:79:b6,RESEARCH_MULLINS_3,WPA,TKIP,,-55,3,108.91189678442753,102.6215368769619,39.78262016249998,-84.0823971748,338.06129999999996,0.0,0.0,0.0,3.162277660168379e-06
discovery-hop-dist-2,10,20,0.1833,1513270676.751814,b0:7f:b9:a3:b9:d5,C-EDGE,WPA,CCMP,,-43,3,109.18409453058368,102.89373462311805,39.78262016249998,-84.0823971748,338.06129999999996,0.0,0.0,0.0,5.011872336272725e-05
discovery-hop-dist-2,10,20,0.1833,1513270676.837702,00:12:17:9f:79:b6,RESEARCH_MULLINS_3,WPA,TKIP,,-53,3,110.73019506782681,104.43983516036118,39.78262016249998,-84.0823971748,338.06129999999996,0.0,0.0,0.0,5.011872336272725e-06
discovery-hop-dist-2,10,20,0.1833,1513270676.85907,b0:7f:b9:a3:b9:d5,C-EDGE,WPA,CCMP,,-43,3,111.1148478823312,104.82448797486558,39.78262016249998,-84.0823971748,338.06129999999996,0.0,0.0,0.0,5.011872336272725e-05
discovery-hop-dist-2,10,20,0.1833,1513270677.103896,ec:08:6b:f9:e0:1f,AUTO_RES,WPA,CCMP,,-43,6,115.52203763330623,109.2316777258406,39.78262016249998,-84.0823971748,338.06129999999996,0.0,0.0,0.0,5.011872336272725e-05
discovery-hop-dist-2,10,20,0.1833,1513270677.773695,6c:50:4d:2a:cd:b7,,Open,,,-47,11,127.57930937472136,121.28894946725573,39.78262016249998,-84.0823971748,338.06129999999996,0.0,0.0,0.0,1.9952623149688786e-05
discovery-hop-dist-2,10,20,0.1833,1513270677.78031,00:fe:c8:38:86:19,,WPA,CCMP,PSK,-53,11,127.69838676848225,121.40802686101662,39.78262016249998,-84.0823971748,338.06129999999996,0.0,0.0,0.0,5.011872336272725e-06
discovery-hop-dist-2,10,20,0.1833,1513270677.790663,f4:7f:35:f6:bb:97,,Open,,,-61,11,127.88475608715846,121.59439617969284,39.78262016249998,-84.0823971748,338.06129999999996,0.0,0.0,0.0,7.943282347242822e-07
discovery-hop-dist-2,10,20,0.1833,1513270677.799258,6c:50:4d:2a:cd:b5,AFITCIS,Open,,,-47,11,128.03947729981226,121.74911739234663,39.78262016249998,-84.0823971748,338.06129999999996,0.0,0.0,0.0,1.9952623149688786e-05
discovery-hop-dist-2,10,20,0.1833,1513270677.813121,b4:5d:50:d7:dc:80,,Open,,,-63,11,128.28903124241884,121.99867133495322,39.78262016249998,-84.0823971748,338.06129999999996,0.0,0.0,0.0,5.011872336272725e-07
discovery-hop-dist-2,10,20,0.1833,1513270677.814833,b4:5d:50:d7:dc:81,,Open,,,-65,11,128.31984672943284,122.02948682196721,39.78262016249998,-84.0823971748,338.06129999999996,0.0,0.0,0.0,3.162277660168379e-07
discovery-hop-dist-2,10,20,0.1833,1513270677.816989,f4:7f:35:f6:bb:95,AFITCIS,Open,,,-67,11,128.35865793403835,122.06829802657272,39.78262016249998,-84.0823971748,338.06129999999996,0.0,0.0,0.0,1.9952623149688787e-07
discovery-hop-dist-2,10,20,0.1833,1513270677.822794,6c:50:4d:2a:cd:b8,,Open,,,-47,11,128.46315591145012,122.17279600398449,39.78262016249998,-84.0823971748,338.06129999999996,0.0,0.0,0.0,1.9952623149688786e-05
discovery-hop-dist-2,10,20,0.1833,1513270677.835596,00:fe:c8:38:86:13,,WPA,CCMP,FT,-53,11,128.69361111906892,122.40325121160329,39.78262016249998,-84.0823971748,338.06129999999996,0.0,0.0,0.0,5.011872336272725e-06
discovery-hop-dist-2,10,20,0.1833,1513270677.839268,6c:50:4d:2a:cd:b9,,Open,,,-47,11,128.75970990952885,122.46935000206322,39.78262016249998,-84.0823971748,338.06129999999996,0.0,0.0,0.0,1.9952623149688786e-05
discovery-hop-dist-2,10,20,0.1833,1513270677.841359,f4:7f:35:f6:bb:98,,Open,,,-67,11,128.79734943893175,122.50698953146612,39.78262016249998,-84.0823971748,338.06129999999996,0.0,0.0,0.0,1.9952623149688787e-07
discovery-hop-dist-2,10,20,0.1833,1513270677.849358,00:fe:c8:76:dd:30,,WPA,CCMP,FT,-67,11,128.94134531703847,122.65098540957284,39.78262016249998,-84.0823971748,338.06129999999996,0.0,0.0,0.0,1.9952623149688787e-07
discovery-hop-dist-2,10,20,0.1833,1513270677.854232,6c:50:4d:2a:cd:b6,,Open,,,-47,11,129.02908361801715,122.73872371055153,39.78262016249998,-84.0823971748,338.06129999999996,0.0,0.0,0.0,1.9952623149688786e-05
discovery-hop-dist-2,10,20,0.1833,1513270677.861862,00:fe:c8:76:dd:34,,WPA,CCMP,,-65,11,129.1664314196079,122.87607151214227,39.78262016249998,-84.0823971748,338.06129999999996,0.0,0.0,0.0,3.162277660168379e-07
discovery-hop-dist-2,10,20,0.1833,1513270677.866326,00:fe:c8:38:86:10,,WPA,CCMP,FT,-51,11,129.24679202947559,122.95643212200996,39.78262016249998,-84.0823971748,338.06129999999996,0.0,0.0,0.0,7.943282347242822e-06
discovery-hop-dist-2,10,20,0.1833,1513270677.878117,6c:50:4d:2a:cd:b7,,Open,,,-51,11,129.45904549887345,123.16868559140782,39.78262016249998,-84.0823971748,338.06129999999996,0.0,0.0,0.0,7.943282347242822e-06
discovery-hop-dist-2,10,20,0.1833,1513270677.884751,00:fe:c8:38:86:19,,WPA,CCMP,PSK,-53,11,129.57846624067903,123.2881063332134,39.78262016249998,-84.0823971748,338.06129999999996,0.0,0.0,0.0,5.011872336272725e-06
discovery-hop-dist-2,10,20,0.1833,1513270677.902741,6c:50:4d:2a:cd:b5,AFITCIS,Open,,,-51,11,129.90230782461222,123.6119479171466,39.78262016249998,-84.0823971748,338.06129999999996,0.0,0.0,0.0,7.943282347242822e-06
discovery-hop-dist-2,10,20,0.1833,1513270677.915523,b4:5d:50:d7:dc:80,,Open,,,-65,11,130.13240251678408,123.84204260931845,39.78262016249998,-84.0823971748,338.06129999999996,0.0,0.0,0.0,3.162277660168379e-07
discovery-hop-dist-2,10,20,0.1833,1513270677.940044,00:fe:c8:38:86:13,,WPA,CCMP,FT,-53,11,130.57381076308135,124.28345085561573,39.78262016249998,-84.0823971748,338.06129999999996,0.0,0.0,0.0,5.011872336272725e-06
discovery-hop-dist-2,10,20,0.1833,1513270677.942158,6c:50:4d:2a:cd:b9,,Open,,,-49,11,130.61186660198848,124.32150669452285,39.78262016249998,-84.0823971748,338.06129999999996,0.0,0.0,0.0,1.2589254117941661e-05
discovery-hop-dist-2,10,20,0.1833,1513270678.105106,f4:7f:35:f7:1a:e8,,Open,,,-53,1,133.54514903397418,127.25478912650856,39.78262016249998,-84.0823971748,338.06129999999996,0.0,0.0,0.0,5.011872336272725e-06
discovery-hop-dist-2,10,20,0.1833,1513270678.552406,00:fe:c8:7d:ac:53,,WPA,CCMP,PSK,-19,6,141.59714137001666,135.30678146255102,39.78262016249998,-84.0823971748,338.06129999999996,0.0,0.0,0.0,0.012589254117941675
discovery-hop-dist-2,10,20,0.1833,1513270678.561699,6c:50:4d:2a:a1:36,,Open,,,-55,6,141.76442482925677,135.47406492179113,39.78262016249998,-84.0823971748,338.06129999999996,0.0,0.0,0.0,3.162277660168379e-06
discovery-hop-dist-2,10,20,0.1833,1513270678.594676,00:fe:c8:7d:ac:50,,WPA,CCMP,FT,-19,6,142.3580564311825,136.06769652371685,39.78262016249998,-84.0823971748,338.06129999999996,0.0,0.0,0.0,0.012589254117941675
discovery-hop-dist-2,10,20,0.1833,1513270678.635431,6c:50:4d:2a:a1:38,,Open,,,-55,6,143.09170107389613,136.8013411664305,39.78262016249998,-84.0823971748,338.06129999999996,0.0,0.0,0.0,3.162277660168379e-06
discovery-hop-dist-2,10,20,0.1833,1513270678.639897,ec:08:6b:f9:e0:1f,AUTO_RES,WPA,CCMP,,-47,6,143.17209601856825,136.8817361111026,39.78262016249998,-84.0823971748,338.06129999999996,0.0,0.0,0.0,1.9952623149688786e-05
discovery-hop-dist-2,10,20,0.1833,1513270678.647716,6c:50:4d:2a:a1:39,,Open,,,-69,6,143.31284725765232,137.02248735018668,39.78262016249998,-84.0823971748,338.06129999999996,0.0,0.0,0.0,1.2589254117941662e-07
discovery-hop-dist-2,10,20,0.1833,1513270678.687975,00:fe:c8:7d:ac:50,,WPA,CCMP,FT,-19,6,144.03756055935258,137.74720065188694,39.78262016249998,-84.0823971748,338.06129999999996,0.0,0.0,0.0,0.012589254117941675
discovery-hop-dist-2,10,20,0.1833,1513270678.690722,6c:50:4d:2a:a1:37,,Open,,,-57,6,144.08701126149398,137.79665135402834,39.78262016249998,-84.0823971748,338.06129999999996,0.0,0.0,0.0,1.9952623149688787e-06
discovery-hop-dist-2,10,20,0.1833,1513270678.702659,00:fe:c8:7d:ac:54,,WPA,CCMP,,-19,6,144.301891343434,138.01153143596835,39.78262016249998,-84.0823971748,338.06129999999996,0.0,0.0,0.0,0.012589254117941675
discovery-hop-dist-2,10,20,0.1833,1513270678.711304,e8:fc:af:f5:df:d4,,WPA,CCMP,,-73,6,144.4575138447052,138.16715393723956,39.78262016249998,-84.0823971748,338.06129999999996,0.0,0.0,0.0,5.011872336272725e-08
discovery-hop-dist-2,10,20,0.1833,1513270678.71373,00:fe:c8:7d:ac:52,,WPA,CCMP,FT,-19,6,144.5011877159941,138.21082780852845,39.78262016249998,-84.0823971748,338.06129999999996,0.0,0.0,0.0,0.012589254117941675
discovery-hop-dist-2,10,20,0.1833,1513270678.736798,00:fe:c8:7d:ac:51,,WPA,CCMP,PSK,-21,6,144.91644142498453,138.62608151751888,39.78262016249998,-84.0823971748,338.06129999999996,0.0,0.0,0.0,0.007943282347242814
discovery-hop-dist-2,10,20,0.1833,1513270678.742363,ec:08:6b:f9:e0:1f,AUTO_RES,WPA,CCMP,,-45,6,145.01661750888331,138.72625760141767,39.78262016249998,-84.0823971748,338.06129999999996,0.0,0.0,0.0,3.1622776601683795e-05
discovery-hop-dist-2,10,20,0.1833,1513270679.333487,00:fe:c8:87:7a:d4,,WPA,CCMP,,-33,1,155.65763435986887,149.36727445240322,39.78262016249998,-84.0823971748,338.06129999999996,0.0,0.0,0.0,0.0005011872336272725
discovery-hop-dist-2,10,20,0.1833,1513270679.335638,f4:7f:35:f7:1a:e5,AFITCIS,Open,,,-53,1,155.69635543561265,149.405995528147,39.78262016249998,-84.0823971748,338.06129999999996,0.0,0.0,0.0,5.011872336272725e-06
discovery-hop-dist-2,10,20,0.1833,1513270679.345848,00:fe:c8:87:7a:d2,,WPA,CCMP,FT,-35,1,155.88014964395344,149.5897897364878,39.78262016249998,-84.0823971748,338.06129999999996,0.0,0.0,0.0,0.00031622776601683794
discovery-hop-dist-2,10,20,0.1833,1513270679.353143,b4:5d:50:dd:65:40,,Open,,,-69,1,156.01146739550873,149.7211074880431,39.78262016249998,-84.0823971748,338.06129999999996,0.0,0.0,0.0,1.2589254117941662e-07
discovery-hop-dist-2,10,20,0.1833,1513270679.359962,f4:7f:35:f7:1a:e8,,Open,,,-51,1,156.13421861334814,149.8438587058825,39.78262016249998,-84.0823971748,338.06129999999996,0.0,0.0,0.0,7.943282347242822e-06
discovery-hop-dist-2,10,20,0.1833,1513270679.374349,00:fe:c8:87:7a:d1,,WPA,CCMP,PSK,-35,1,156.39320604348353,150.1028461360179,39.78262016249998,-84.0823971748,338.06129999999996,0.0,0.0,0.0,0.00031622776601683794
discovery-hop-dist-2,10,20,0.1833,1513270679.389845,f4:7f:35:f7:1a:e6,,Open,,,-47,1,156.6721505787185,150.38179067125284,39.78262016249998,-84.0823971748,338.06129999999996,0.0,0.0,0.0,1.9952623149688786e-05
discovery-hop-dist-2,10,20,0.1833,1513270679.395032,00:fe:c8:87:7a:d3,,WPA,CCMP,PSK,-35,1,156.76552407948122,150.47516417201558,39.78262016249998,-84.0823971748,338.06129999999996,0.0,0.0,0.0,0.00031622776601683794
discovery-hop-dist-2,10,20,0.1833,1513270679.425721,00:fe:c8:87:7a:d0,,WPA,CCMP,FT,-35,1,157.31796679159172,151.02760688412607,39.78262016249998,-84.0823971748,338.06129999999996,0.0,0.0,0.0,0.00031622776601683794
discovery-hop-dist-2,10,20,0.1833,1513270679.439232,00:fe:c8:87:7a:d4,,WPA,CCMP,,-33,1,157.56118596277315,151.2708260553075,39.78262016249998,-84.0823971748,338.06129999999996,0.0,0.0,0.0,0.0005011872336272725
discovery-hop-dist-2,10,20,0.1833,1513270679.45032,00:fe:c8:87:7a:d2,,WPA,CCMP,FT,-35,1,157.76078276487237,151.47042285740673,39.78262016249998,-84.0823971748,338.06129999999996,0.0,0.0,0.0,0.00031622776601683794
discovery-hop-dist-2,10,20,0.1833,1513270679.45554,b4:5d:50:dd:65:40,,Open,,,-69,1,157.85474854101224,151.5643886335466,39.78262016249998,-84.0823971748,338.06129999999996,0.0,0.0,0.0,1.2589254117941662e-07
discovery-hop-dist-2,10,20,0.1833,1513270679.457271,b4:5d:50:dd:65:41,,Open,,,-67,1,157.8859116679215,151.59555176045586,39.78262016249998,-84.0823971748,338.06129999999996,0.0,0.0,0.0,1.9952623149688787e-07
discovery-hop-dist-2,10,20,0.1833,1513270679.463273,f4:7f:35:f7:1a:e8,,Open,,,-49,1,157.99395471389505,151.7035948064294,39.78262016249998,-84.0823971748,338.06129999999996,0.0,0.0,0.0,1.2589254117941661e-05
discovery-hop-dist-2,10,20,0.1833,1513270679.4752,00:fe:c8:87:7a:d1,,WPA,CCMP,PSK,-35,1,158.20865453811157,151.91829463064593,39.78262016249998,-84.0823971748,338.06129999999996,0.0,0.0,0.0,0.00031622776601683794
discovery-hop-dist-2,10,20,0.1833,1513270679.477283,f4:7f:35:f7:1a:e9,,Open,,,-51,1,158.246152436446,151.95579252898037,39.78262016249998,-84.0823971748,338.06129999999996,0.0,0.0,0.0,7.943282347242822e-06
discovery-hop-dist-2,10,20,0.1833,1513270679.502523,00:fe:c8:87:7a:d3,,WPA,CCMP,PSK,-37,1,158.7005049040294,152.41014499656376,39.78262016249998,-84.0823971748,338.06129999999996,0.0,0.0,0.0,0.00019952623149688788
discovery-hop-dist-2,10,20,0.1833,1513270679.602564,00:12:17:9f:79:b6,RESEARCH_MULLINS_3,WPA,TKIP,,-53,3,160.50137827415892,154.21101836669328,39.78262016249998,-84.0823971748,338.06129999999996,0.0,0.0,0.0,5.011872336272725e-06
discovery-hop-dist-2,10,20,0.1833,1513270679.704935,00:12:17:9f:79:b6,RESEARCH_MULLINS_3,WPA,TKIP,,-57,3,162.34419160795147,156.05383170048583,39.78262016249998,-84.0823971748,338.06129999999996,0.0,0.0,0.0,1.9952623149688787e-06
discovery-hop-dist-2,10,20,0.1833,1513270679.721576,b0:7f:b9:a3:b9:d5,C-EDGE,WPA,CCMP,,-45,3,162.64374990142156,156.35338999395591,39.78262016249998,-84.0823971748,338.06129999999996,0.0,0.0,0.0,3.1622776601683795e-05
discovery-hop-dist-2,10,20,0.1833,1513270679.971693,ec:08:6b:f9:e0:1f,AUTO_RES,WPA,CCMP,,-43,6,167.1461886918536,160.85582878438797,39.78262016249998,-84.0823971748,338.06129999999996,0.0,0.0,0.0,5.011872336272725e-05
discovery-hop-dist-2,10,20,0.1833,1513270680.638762,00:fe:c8:76:dd:33,,WPA,CCMP,PSK,-69,11,179.15431445251707,172.86395454505143,39.78262016249998,-84.0823971748,338.06129999999996,0.0,0.0,0.0,1.2589254117941662e-07
discovery-hop-dist-2,10,20,0.1833,1513270680.644889,6c:50:4d:2a:cd:b8,,Open,,,-51,11,179.2646107200341,172.97425081256847,39.78262016249998,-84.0823971748,338.06129999999996,0.0,0.0,0.0,7.943282347242822e-06
discovery-hop-dist-2,10,20,0.1833,1513270680.655707,00:fe:c8:38:86:13,,WPA,CCMP,FT,-55,11,179.45934485544993,173.16898494798428,39.78262016249998,-84.0823971748,338.06129999999996,0.0,0.0,0.0,3.162277660168379e-06
discovery-hop-dist-2,10,20,0.1833,1513270680.657833,6c:50:4d:2a:cd:b9,,Open,,,-45,11,179.49761957873557,173.20725967126992,39.78262016249998,-84.0823971748,338.06129999999996,0.0,0.0,0.0,3.1622776601683795e-05
discovery-hop-dist-2,10,20,0.1833,1513270680.669467,00:fe:c8:76:dd:30,,WPA,CCMP,FT,-69,11,179.707044718615,173.41668481114937,39.78262016249998,-84.0823971748,338.06129999999996,0.0,0.0,0.0,1.2589254117941662e-07
discovery-hop-dist-2,10,20,0.1833,1513270680.673653,6c:50:4d:2a:cd:b6,,Open,,,-49,11,179.78239673888027,173.49203683141462,39.78262016249998,-84.0823971748,338.06129999999996,0.0,0.0,0.0,1.2589254117941661e-05
discovery-hop-dist-2,10,20,0.1833,1513270680.680324,b4:5d:50:d7:dc:80,,Open,,,-65,11,179.9024870093731,173.61212710190745,39.78262016249998,-84.0823971748,338.06129999999996,0.0,0.0,0.0,3.162277660168379e-07
discovery-hop-dist-2,10,20,0.1833,1513270680.694034,00:fe:c8:76:dd:32,,WPA,CCMP,FT,-69,11,180.14928558392077,173.85892567645513,39.78262016249998,-84.0823971748,338.06129999999996,0.0,0.0,0.0,1.2589254117941662e-07
discovery-hop-dist-2,10,20,0.1833,1513270680.698226,6c:50:4d:2a:cd:b7,,Open,,,-51,11,180.22474490045,173.93438499298435,39.78262016249998,-84.0823971748,338.06129999999996,0.0,0.0,0.0,7.943282347242822e-06
discovery-hop-dist-2,10,20,0.1833,1513270680.70485,00:fe:c8:38:86:19,,WPA,CCMP,PSK,-53,11,180.3439853845321,174.05362547706645,39.78262016249998,-84.0823971748,338.06129999999996,0.0,0.0,0.0,5.011872336272725e-06
discovery-hop-dist-2,10,20,0.1833,1513270680.718775,00:fe:c8:76:dd:31,,WPA,CCMP,PSK,-69,11,180.59465520828405,174.3042953008184,39.78262016249998,-84.0823971748,338.06129999999996,0.0,0.0,0.0,1.2589254117941662e-07
discovery-hop-dist-2,10,20,0.1833,1513270680.723262,6c:50:4d:2a:cd:b5,AFITCIS,Open,,,-49,11,180.67542783580538,174.38506792833974,39.78262016249998,-84.0823971748,338.06129999999996,0.0,0.0,0.0,1.2589254117941661e-05
discovery-hop-dist-2,10,20,0.1833,1513270680.743193,00:fe:c8:76:dd:33,,WPA,CCMP,PSK,-59,11,181.0342093751398,174.74384946767415,39.78262016249998,-84.0823971748,338.06129999999996,0.0,0.0,0.0,1.2589254117941661e-06
discovery-hop-dist-2,10,20,0.1833,1513270680.747435,6c:50:4d:2a:cd:b8,,Open,,,-47,11,181.110574272137,174.82021436467136,39.78262016249998,-84.0823971748,338.06129999999996,0.0,0.0,0.0,1.9952623149688786e-05
discovery-hop-dist-2,10,20,0.1833,1513270680.759674,6c:50:4d:2a:cd:b9,,Open,,,-49,11,181.33089212873531,175.04053222126967,39.78262016249998,-84.0823971748,338.06129999999996,0.0,0.0,0.0,1.2589254117941661e-05
discovery-hop-dist-2,10,20,0.1833,1513270680.762108,00:fe:c8:38:86:13,,WPA,CCMP,FT,-55,11,181.3747076310927,175.08434772362705,39.78262016249998,-84.0823971748,338.06129999999996,0.0,0.0,0.0,3.162277660168379e-06
discovery-hop-dist-2,10,20,0.1833,1513270680.773916,00:fe:c8:76:dd:30,,WPA,CCMP,FT,-67,11,181.58726582188027,175.29690591441462,39.78262016249998,-84.0823971748,338.06129999999996,0.0,0.0,0.0,1.9952623149688787e-07
discovery-hop-dist-2,10,20,0.1833,1513270680.782722,b4:5d:50:d7:dc:80,,Open,,,-61,11,181.7457853222788,175.45542541481316,39.78262016249998,-84.0823971748,338.06129999999996,0.0,0.0,0.0,7.943282347242822e-07
discovery-hop-dist-2,10,20,0.1833,1513270680.784445,b4:5d:50:d7:dc:81,,Open,,,-65,11,181.77680252626908,175.48644261880344,39.78262016249998,-84.0823971748,338.06129999999996,0.0,0.0,0.0,3.162277660168379e-07
discovery-hop-dist-2,10,20,0.1833,1513270680.790913,00:fe:c8:38:86:10,,WPA,CCMP,FT,-53,11,181.89323614008558,175.60287623261993,39.78262016249998,-84.0823971748,338.06129999999996,0.0,0.0,0.0,5.011872336272725e-06
discovery-hop-dist-2,10,20,0.1833,1513270680.798535,00:fe:c8:76:dd:32,,WPA,CCMP,FT,-67,11,182.0304423106079,175.74008240314225,39.78262016249998,-84.0823971748,338.06129999999996,0.0,0.0,0.0,1.9952623149688787e-07
discovery-hop-dist-2,10,20,0.1833,1513270680.803288,6c:50:4d:2a:cd:b7,,Open,,,-51,11,182.11600035150258,175.82564044403694,39.78262016249998,-84.0823971748,338.06129999999996,0.0,0.0,0.0,7.943282347242822e-06
discovery-hop-dist-2,10,20,0.1833,1513270680.809303,00:fe:c8:38:86:19,,WPA,CCMP,PSK,-53,11,182.22427944925687,175.93391954179123,39.78262016249998,-84.0823971748,338.06129999999996,0.0,0.0,0.0,5.011872336272725e-06
discovery-hop-dist-2,10,20,0.1833,1513270680.965787,f4:7f:35:f7:1a:e6,,Open,,,-57,1,185.041196937035,178.75083702956937,39.78262016249998,-84.0823971748,338.06129999999996,0.0,0.0,0.0,1.9952623149688787e-06
discovery-hop-dist-2,10,20,0.1833,1513270681.007096,f4:7f:35:f7:1a:e5,AFITCIS,Open,,,-57,1,185.7848158404479,179.49445593298225,39.78262016249998,-84.0823971748,338.06129999999996,0.0,0.0,0.0,1.9952623149688787e-06
discovery-hop-dist-2,10,20,0.1833,1513270681.029645,f4:7f:35:f7:1a:e8,,Open,,,-57,1,186.19072619077127,179.90036628330563,39.78262016249998,-84.0823971748,338.06129999999996,0.0,0.0,0.0,1.9952623149688787e-06
discovery-hop-dist-2,10,20,0.1833,1513270681.430462,00:fe:c8:7d:ac:52,,WPA,CCMP,FT,-19,6,193.40596217441887,187.11560226695323,39.78262016249998,-84.0823971748,338.06129999999996,0.0,0.0,0.0,0.012589254117941675
discovery-hop-dist-2,10,20,0.1833,1513270681.432591,6c:50:4d:2a:a1:35,AFITCIS,Open,,,-57,6,193.44428839991122,187.15392849244557,39.78262016249998,-84.0823971748,338.06129999999996,0.0,0.0,0.0,1.9952623149688787e-06
discovery-hop-dist-2,10,20,0.1833,1513270681.452363,00:fe:c8:7d:ac:51,,WPA,CCMP,PSK,-19,6,193.8002115667733,187.50985165930766,39.78262016249998,-84.0823971748,338.06129999999996,0.0,0.0,0.0,0.012589254117941675
discovery-hop-dist-2,10,20,0.1833,1513270681.455535,6c:50:4d:2a:a1:38,,Open,,,-69,6,193.85731034661094,187.5669504391453,39.78262016249998,-84.0823971748,338.06129999999996,0.0,0.0,0.0,1.2589254117941662e-07
discovery-hop-dist-2,10,20,0.1833,1513270681.467825,6c:50:4d:2a:a1:39,,Open,,,-57,6,194.0785466592289,187.78818675176325,39.78262016249998,-84.0823971748,338.06129999999996,0.0,0.0,0.0,1.9952623149688787e-06
discovery-hop-dist-2,10,20,0.1833,1513270681.476145,e8:fc:af:f5:df:d4,,WPA,CCMP,,-73,6,194.2283193681881,187.93795946072245,39.78262016249998,-84.0823971748,338.06129999999996,0.0,0.0,0.0,5.011872336272725e-08
discovery-hop-dist-2,10,20,0.1833,1513270681.478555,00:fe:c8:7d:ac:53,,WPA,CCMP,PSK,-21,6,194.27170139363898,187.98134148617333,39.78262016249998,-84.0823971748,338.06129999999996,0.0,0.0,0.0,0.007943282347242814
discovery-hop-dist-2,10,20,0.1833,1513270681.486264,6c:50:4d:2a:a1:36,,Open,,,-53,6,194.41047408961532,188.12011418214968,39.78262016249998,-84.0823971748,338.06129999999996,0.0,0.0,0.0,5.011872336272725e-06
discovery-hop-dist-2,10,20,0.1833,1513270681.507106,ec:08:6b:f9:e0:1f,AUTO_RES,WPA,CCMP,,-47,6,194.7856590817865,188.49529917432085,39.78262016249998,-84.0823971748,338.06129999999996,0.0,0.0,0.0,1.9952623149688786e-05
discovery-hop-dist-2,10,20,0.1833,1513270681.50953,00:fe:c8:7d:ac:50,,WPA,CCMP,FT,-19,6,194.82929432642035,188.5389344189547,39.78262016249998,-84.0823971748,338.06129999999996,0.0,0.0,0.0,0.012589254117941675
discovery-hop-dist-2,10,20,0.1833,1513270681.519893,00:fe:c8:7d:ac:54,,WPA,CCMP,,-19,6,195.01583961096952,188.72547970350388,39.78262016249998,-84.0823971748,338.06129999999996,0.0,0.0,0.0,0.012589254117941675
discovery-hop-dist-2,10,20,0.1833,1513270681.532245,00:fe:c8:7d:ac:52,,WPA,CCMP,FT,-19,6,195.2381918047328,188.94783189726715,39.78262016249998,-84.0823971748,338.06129999999996,0.0,0.0,0.0,0.012589254117941675
discovery-hop-dist-2,10,20,0.1833,1513270681.53549,6c:50:4d:2a:a1:35,AFITCIS,Open,,,-71,6,195.29660818269207,189.00624827522643,39.78262016249998,-84.0823971748,338.06129999999996,0.0,0.0,0.0,7.943282347242822e-08
discovery-hop-dist-2,10,20,0.1833,1513270681.556813,00:fe:c8:7d:ac:51,,WPA,CCMP,PSK,-19,6,195.6804498374408,189.39008992997515,39.78262016249998,-84.0823971748,338.06129999999996,0.0,0.0,0.0,0.012589254117941675
discovery-hop-dist-2,10,20,0.1833,1513270681.559986,6c:50:4d:2a:a1:38,,Open,,,-57,6,195.7375700765312,189.44721016906556,39.78262016249998,-84.0823971748,338.06129999999996,0.0,0.0,0.0,1.9952623149688787e-06
discovery-hop-dist-2,10,20,0.1833,1513270681.572534,6c:50:4d:2a:a1:39,,Open,,,-71,6,195.96345017145404,189.6730902639884,39.78262016249998,-84.0823971748,338.06129999999996,0.0,0.0,0.0,7.943282347242822e-08
discovery-hop-dist-2,10,20,0.1833,1513270681.584223,00:fe:c8:7d:ac:53,,WPA,CCMP,PSK,-19,6,196.17386672881267,189.88350682134703,39.78262016249998,-84.0823971748,338.06129999999996,0.0,0.0,0.0,0.012589254117941675
discovery-hop-dist-2,10,20,0.1833,1513270681.609587,ec:08:6b:f9:e0:1f,AUTO_RES,WPA,CCMP,,-47,6,196.63045095868674,190.3400910512211,39.78262016249998,-84.0823971748,338.06129999999996,0.0,0.0,0.0,1.9952623149688786e-05
discovery-hop-dist-2,10,20,0.1833,1513270681.612198,00:fe:c8:7d:ac:50,,WPA,CCMP,FT,-19,6,196.67745530600948,190.38709539854383,39.78262016249998,-84.0823971748,338.06129999999996,0.0,0.0,0.0,0.012589254117941675
discovery-hop-dist-2,10,20,0.1833,1513270681.615334,6c:50:4d:2a:a1:37,,Open,,,-57,6,196.73390601641267,190.44354610894703,39.78262016249998,-84.0823971748,338.06129999999996,0.0,0.0,0.0,1.9952623149688787e-06
discovery-hop-dist-2,10,20,0.1833,1513270682.234541,f4:7f:35:f7:1a:e7,,Open,,,-47,1,207.88045136104773,201.5900914535821,39.78262016249998,-84.0823971748,338.06129999999996,0.0,0.0,0.0,1.9952623149688786e-05
discovery-hop-dist-2,10,20,0.1833,1513270682.245844,00:fe:c8:87:7a:d0,,WPA,CCMP,FT,-35,1,208.08391941235126,201.79355950488562,39.78262016249998,-84.0823971748,338.06129999999996,0.0,0.0,0.0,0.00031622776601683794
discovery-hop-dist-2,10,20,0.1833,1513270682.258029,00:fe:c8:87:7a:d4,,WPA,CCMP,,-35,1,208.30326731072321,202.01290740325757,39.78262016249998,-84.0823971748,338.06129999999996,0.0,0.0,0.0,0.00031622776601683794
discovery-hop-dist-2,10,20,0.1833,1513270682.260182,f4:7f:35:f7:1a:e5,AFITCIS,Open,,,-53,1,208.34202272127143,202.0516628138058,39.78262016249998,-84.0823971748,338.06129999999996,0.0,0.0,0.0,5.011872336272725e-06
discovery-hop-dist-2,10,20,0.1833,1513270682.264519,18:33:9d:0c:c8:66,,Open,,,-61,1,208.42009577479115,202.1297358673255,39.78262016249998,-84.0823971748,338.06129999999996,0.0,0.0,0.0,7.943282347242822e-07
discovery-hop-dist-2,10,20,0.1833,1513270682.270558,00:fe:c8:87:7a:d2,,WPA,CCMP,FT,-33,1,208.5288083494519,202.23844844198626,39.78262016249998,-84.0823971748,338.06129999999996,0.0,0.0,0.0,0.0005011872336272725
discovery-hop-dist-2,10,20,0.1833,1513270682.283514,f4:7f:35:f7:1a:e8,,Open,,,-51,1,208.7620318006813,202.47167189321567,39.78262016249998,-84.0823971748,338.06129999999996,0.0,0.0,0.0,7.943282347242822e-06
discovery-hop-dist-2,10,20,0.1833,1513270682.29531,f4:7f:35:f7:1a:e9,,Open,,,-49,1,208.97437539894094,202.6840154914753,39.78262016249998,-84.0823971748,338.06129999999996,0.0,0.0,0.0,1.2589254117941661e-05
discovery-hop-dist-2,10,20,0.1833,1513270682.298874,00:fe:c8:87:7a:d1,,WPA,CCMP,PSK,-35,1,209.03852998109764,202.748170073632,39.78262016249998,-84.0823971748,338.06129999999996,0.0,0.0,0.0,0.00031622776601683794
discovery-hop-dist-2,10,20,0.1833,1513270682.321279,00:fe:c8:87:7a:d3,,WPA,CCMP,PSK,-35,1,209.4418523455339,203.15149243806826,39.78262016249998,-84.0823971748,338.06129999999996,0.0,0.0,0.0,0.00031622776601683794
discovery-hop-dist-2,10,20,0.1833,1513270682.350284,00:fe:c8:87:7a:d0,,WPA,CCMP,FT,-35,1,209.9639817171458,203.67362180968016,39.78262016249998,-84.0823971748,338.06129999999996,0.0,0.0,0.0,0.00031622776601683794
discovery-hop-dist-2,10,20,0.1833,1513270682.362497,00:fe:c8:87:7a:d4,,WPA,CCMP,,-35,1,210.18383176203318,203.89347185456754,39.78262016249998,-84.0823971748,338.06129999999996,0.0,0.0,0.0,0.00031622776601683794
discovery-hop-dist-2,10,20,0.1833,1513270682.364642,f4:7f:35:f7:1a:e5,AFITCIS,Open,,,-49,1,210.22244124966244,203.9320813421968,39.78262016249998,-84.0823971748,338.06129999999996,0.0,0.0,0.0,1.2589254117941661e-05
discovery-hop-dist-2,10,20,0.1833,1513270682.374843,00:fe:c8:87:7a:d2,,WPA,CCMP,FT,-35,1,210.40607236768196,204.11571246021632,39.78262016249998,-84.0823971748,338.06129999999996,0.0,0.0,0.0,0.00031622776601683794
discovery-hop-dist-2,10,20,0.1833,1513270682.387487,f4:7f:35:f7:1a:e8,,Open,,,-51,1,210.63368207838013,204.3433221709145,39.78262016249998,-84.0823971748,338.06129999999996,0.0,0.0,0.0,7.943282347242822e-06
discovery-hop-dist-2,10,20,0.1833,1513270682.393546,18:33:9d:0c:c8:67,,Open,,,-69,1,210.74275516848786,204.45239526102222,39.78262016249998,-84.0823971748,338.06129999999996,0.0,0.0,0.0,1.2589254117941662e-07
discovery-hop-dist-2,10,20,0.1833,1513270682.402214,00:fe:c8:87:7a:d1,,WPA,CCMP,PSK,-33,1,210.89878968741272,204.60842977994707,39.78262016249998,-84.0823971748,338.06129999999996,0.0,0.0,0.0,0.0005011872336272725
discovery-hop-dist-2,10,20,0.1833,1513270682.486261,b0:7f:b9:a3:b9:d5,C-EDGE,WPA,CCMP,,-45,3,212.4117442627883,206.12138435532265,39.78262016249998,-84.0823971748,338.06129999999996,0.0,0.0,0.0,3.1622776601683795e-05
discovery-hop-dist-2,10,20,0.1833,1513270682.588651,b0:7f:b9:a3:b9:d5,C-EDGE,WPA,CCMP,,-45,3,214.25490094462558,207.96454103715993,39.78262016249998,-84.0823971748,338.06129999999996,0.0,0.0,0.0,3.1622776601683795e-05
discovery-hop-dist-2,10,20,0.1833,1513270683.524955,00:fe:c8:38:86:19,,WPA,CCMP,PSK,-55,11,231.10961611649972,224.81925620903408,39.78262016249998,-84.0823971748,338.06129999999996,0.0,0.0,0.0,3.162277660168379e-06
discovery-hop-dist-2,10,20,0.1833,1513270683.532279,b4:5d:50:d7:7c:a1,,Open,,,-63,11,231.24145747382317,224.95109756635753,39.78262016249998,-84.0823971748,338.06129999999996,0.0,0.0,0.0,5.011872336272725e-07
discovery-hop-dist-2,10,20,0.1833,1513270683.535317,f4:7f:35:f6:bb:97,,Open,,,-71,11,231.29614423364663,225.005784326181,39.78262016249998,-84.0823971748,338.06129999999996,0.0,0.0,0.0,7.943282347242822e-08
discovery-hop-dist-2,10,20,0.1833,1513270683.542966,6c:50:4d:2a:cd:b5,AFITCIS,Open,,,-51,11,231.4338353832821,225.14347547581644,39.78262016249998,-84.0823971748,338.06129999999996,0.0,0.0,0.0,7.943282347242822e-06
discovery-hop-dist-2,10,20,0.1833,1513270683.547544,b4:5d:50:d7:dc:80,,Open,,,-67,11,231.516247497717,225.22588759025135,39.78262016249998,-84.0823971748,338.06129999999996,0.0,0.0,0.0,1.9952623149688787e-07
discovery-hop-dist-2,10,20,0.1833,1513270683.549258,b4:5d:50:d7:dc:81,,Open,,,-65,11,231.54710161138604,225.2567417039204,39.78262016249998,-84.0823971748,338.06129999999996,0.0,0.0,0.0,3.162277660168379e-07
discovery-hop-dist-2,10,20,0.1833,1513270683.559937,f4:7f:35:f6:bb:95,AFITCIS,Open,,,-73,11,231.73933788977646,225.44897798231082,39.78262016249998,-84.0823971748,338.06129999999996,0.0,0.0,0.0,5.011872336272725e-08
discovery-hop-dist-2,10,20,0.1833,1513270683.563389,00:fe:c8:76:dd:33,,WPA,CCMP,PSK,-57,11,231.80147959402098,225.51111968655533,39.78262016249998,-84.0823971748,338.06129999999996,0.0,0.0,0.0,1.9952623149688787e-06
discovery-hop-dist-2,10,20,0.1833,1513270683.579781,6c:50:4d:2a:cd:b9,,Open,,,-47,11,232.09655719550742,225.80619728804177,39.78262016249998,-84.0823971748,338.06129999999996,0.0,0.0,0.0,1.9952623149688786e-05
discovery-hop-dist-2,10,20,0.1833,1513270683.582189,00:fe:c8:38:86:13,,WPA,CCMP,FT,-55,11,232.13990488615386,225.84954497868821,39.78262016249998,-84.0823971748,338.06129999999996,0.0,0.0,0.0,3.162277660168379e-06
discovery-hop-dist-2,10,20,0.1833,1513270683.594023,00:fe:c8:76:dd:30,,WPA,CCMP,FT,-65,11,232.35293088865234,226.0625709811867,39.78262016249998,-84.0823971748,338.06129999999996,0.0,0.0,0.0,3.162277660168379e-07
discovery-hop-dist-2,10,20,0.1833,1513270683.599312,6c:50:4d:2a:cd:b6,,Open,,,-47,11,232.44814130145434,226.1577813939887,39.78262016249998,-84.0823971748,338.06129999999996,0.0,0.0,0.0,1.9952623149688786e-05
discovery-hop-dist-2,10,20,0.1833,1513270683.606261,00:fe:c8:76:dd:34,,WPA,CCMP,,-67,11,232.57323157784842,226.28287167038278,39.78262016249998,-84.0823971748,338.06129999999996,0.0,0.0,0.0,1.9952623149688787e-07
discovery-hop-dist-2,10,20,0.1833,1513270683.622789,6c:50:4d:2a:cd:b7,,Open,,,-55,11,232.87075553415352,226.58039562668787,39.78262016249998,-84.0823971748,338.06129999999996,0.0,0.0,0.0,3.162277660168379e-06
discovery-hop-dist-2,10,20,0.1833,1513270683.629403,00:fe:c8:38:86:19,,WPA,CCMP,PSK,-55,11,232.98982005236272,226.69946014489707,39.78262016249998,-84.0823971748,338.06129999999996,0.0,0.0,0.0,3.162277660168379e-06
discovery-hop-dist-2,10,20,0.1833,1513270683.632915,b4:5d:50:d7:7c:a0,,Open,,,-65,11,233.05303901109755,226.7626791036319,39.78262016249998,-84.0823971748,338.06129999999996,0.0,0.0,0.0,3.162277660168379e-07
discovery-hop-dist-2,10,20,0.1833,1513270683.634644,b4:5d:50:d7:7c:a1,,Open,,,-55,11,233.0841635113518,226.79380360388615,39.78262016249998,-84.0823971748,338.06129999999996,0.0,0.0,0.0,3.162277660168379e-06
discovery-hop-dist-2,10,20,0.1833,1513270683.649567,6c:50:4d:2a:cd:b5,AFITCIS,Open,,,-47,11,233.35279472969333,227.0624348222277,39.78262016249998,-84.0823971748,338.06129999999996,0.0,0.0,0.0,1.9952623149688786e-05
discovery-hop-dist-2,10,20,0.1833,1513270683.6513,b4:5d:50:d7:dc:80,,Open,,,-67,11,233.3839921914071,227.09363228394145,39.78262016249998,-84.0823971748,338.06129999999996,0.0,0.0,0.0,1.9952623149688787e-07
discovery-hop-dist-2,10,20,0.1833,1513270683.653024,b4:5d:50:d7:dc:81,,Open,,,-65,11,233.41502656279957,227.12466665533393,39.78262016249998,-84.0823971748,338.06129999999996,0.0,0.0,0.0,3.162277660168379e-07
discovery-hop-dist-2,10,20,0.1833,1513270683.671941,6c:50:4d:2a:cd:b8,,Open,,,-49,11,233.75555915355693,227.4651992460913,39.78262016249998,-84.0823971748,338.06129999999996,0.0,0.0,0.0,1.2589254117941661e-05
discovery-hop-dist-2,10,20,0.1833,1513270683.684237,6c:50:4d:2a:cd:b9,,Open,,,-51,11,233.9769027624389,227.68654285497325,39.78262016249998,-84.0823971748,338.06129999999996,0.0,0.0,0.0,7.943282347242822e-06
discovery-hop-dist-2,10,20,0.1833,1513270683.68664,00:fe:c8:38:86:13,,WPA,CCMP,FT,-51,11,234.02016032422355,227.7298004167579,39.78262016249998,-84.0823971748,338.06129999999996,0.0,0.0,0.0,7.943282347242822e-06
discovery-hop-dist-2,10,20,0.1833,1513270683.688928,f4:7f:35:f6:bb:98,,Open,,,-67,11,234.06134492218823,227.77098501472258,39.78262016249998,-84.0823971748,338.06129999999996,0.0,0.0,0.0,1.9952623149688787e-07
discovery-hop-dist-2,10,20,0.1833,1513270683.698489,00:fe:c8:76:dd:30,,WPA,CCMP,FT,-67,11,234.23345671330728,227.94309680584163,39.78262016249998,-84.0823971748,338.06129999999996,0.0,0.0,0.0,1.9952623149688787e-07
discovery-hop-dist-2,10,20,0.1833,1513270683.70665,6c:50:4d:2a:cd:b6,,Open,,,-51,11,234.3803667579436,228.09000685047795,39.78262016249998,-84.0823971748,338.06129999999996,0.0,0.0,0.0,7.943282347242822e-06
discovery-hop-dist-2,10,20,0.1833,1513270683.919842,b0:7f:b9:a3:b9:d5,C-EDGE,WPA,CCMP,,-41,3,238.21810519304262,231.92774528557698,39.78262016249998,-84.0823971748,338.06129999999996,0.0,0.0,0.0,7.943282347242822e-05
discovery-hop-dist-2,10,20,0.1833,1513270684.32806,00:fe:c8:7d:ac:50,,WPA,CCMP,FT,-19,6,245.5665688017443,239.27620889427865,39.78262016249998,-84.0823971748,338.06129999999996,0.0,0.0,0.0,0.012589254117941675
discovery-hop-dist-2,10,20,0.1833,1513270684.340005,00:fe:c8:7d:ac:54,,WPA,CCMP,,-19,6,245.7815948066033,239.49123489913765,39.78262016249998,-84.0823971748,338.06129999999996,0.0,0.0,0.0,0.012589254117941675
discovery-hop-dist-2,10,20,0.1833,1513270684.343378,e8:fc:af:f5:df:d4,,WPA,CCMP,,-71,6,245.84231590831277,239.55195600084713,39.78262016249998,-84.0823971748,338.06129999999996,0.0,0.0,0.0,7.943282347242822e-08
discovery-hop-dist-2,10,20,0.1833,1513270684.352373,00:fe:c8:7d:ac:52,,WPA,CCMP,FT,-19,6,246.0042345543541,239.71387464688846,39.78262016249998,-84.0823971748,338.06129999999996,0.0,0.0,0.0,0.012589254117941675
discovery-hop-dist-2,10,20,0.1833,1513270684.374326,ec:08:6b:f9:e0:1f,AUTO_RES,WPA,CCMP,,-47,6,246.3994195701304,240.10905966266475,39.78262016249998,-84.0823971748,338.06129999999996,0.0,0.0,0.0,1.9952623149688786e-05
discovery-hop-dist-2,10,20,0.1833,1513270684.376938,00:fe:c8:7d:ac:51,,WPA,CCMP,PSK,-21,6,246.44644108485537,240.15608117738972,39.78262016249998,-84.0823971748,338.06129999999996,0.0,0.0,0.0,0.007943282347242814
discovery-hop-dist-2,10,20,0.1833,1513270684.38009,6c:50:4d:2a:a1:38,,Open,,,-57,6,246.503179349246,240.21281944178037,39.78262016249998,-84.0823971748,338.06129999999996,0.0,0.0,0.0,1.9952623149688787e-06
discovery-hop-dist-2,10,20,0.1833,1513270684.392386,6c:50:4d:2a:a1:39,,Open,,,-71,6,246.72452295812795,240.4341630506623,39.78262016249998,-84.0823971748,338.06129999999996,0.0,0.0,0.0,7.943282347242822e-08
discovery-hop-dist-2,10,20,0.1833,1513270684.401521,00:fe:c8:7d:ac:53,,WPA,CCMP,PSK,-19,6,246.888965212298,240.59860530483235,39.78262016249998,-84.0823971748,338.06129999999996,0.0,0.0,0.0,0.012589254117941675
discovery-hop-dist-2,10,20,0.1833,1513270684.410815,6c:50:4d:2a:a1:36,,Open,,,-67,6,247.05627013079095,240.7659102233253,39.78262016249998,-84.0823971748,338.06129999999996,0.0,0.0,0.0,1.9952623149688787e-07
discovery-hop-dist-2,10,20,0.1833,1513270684.43427,00:fe:c8:7d:ac:50,,WPA,CCMP,FT,-21,6,247.47848951323869,241.18812960577304,39.78262016249998,-84.0823971748,338.06129999999996,0.0,0.0,0.0,0.007943282347242814
discovery-hop-dist-2,10,20,0.1833,1513270684.444457,00:fe:c8:7d:ac:54,,WPA,CCMP,,-21,6,247.6618717039258,241.37151179646017,39.78262016249998,-84.0823971748,338.06129999999996,0.0,0.0,0.0,0.007943282347242814
discovery-hop-dist-2,10,20,0.1833,1513270684.456813,00:fe:c8:7d:ac:52,,WPA,CCMP,FT,-19,6,247.88429685914866,241.59393695168302,39.78262016249998,-84.0823971748,338.06129999999996,0.0,0.0,0.0,0.012589254117941675
discovery-hop-dist-2,10,20,0.1833,1513270684.460018,6c:50:4d:2a:a1:35,AFITCIS,Open,,,-67,6,247.9419879143634,241.65162800689777,39.78262016249998,-84.0823971748,338.06129999999996,0.0,0.0,0.0,1.9952623149688787e-07
discovery-hop-dist-2,10,20,0.1833,1513270684.476749,ec:08:6b:f9:e0:1f,AUTO_RES,WPA,CCMP,,-47,6,248.24316852734484,241.9528086198792,39.78262016249998,-84.0823971748,338.06129999999996,0.0,0.0,0.0,1.9952623149688786e-05
discovery-hop-dist-2,10,20,0.1833,1513270684.48139,00:fe:c8:7d:ac:51,,WPA,CCMP,PSK,-19,6,248.32671369032732,242.03635378286168,39.78262016249998,-84.0823971748,338.06129999999996,0.0,0.0,0.0,0.012589254117941675
discovery-hop-dist-2,10,20,0.1833,1513270684.485025,6c:50:4d:2a:a1:38,,Open,,,-69,6,248.3921472439506,242.10178733648496,39.78262016249998,-84.0823971748,338.06129999999996,0.0,0.0,0.0,1.2589254117941662e-07
discovery-hop-dist-2,10,20,0.1833,1513270684.496951,6c:50:4d:2a:a1:39,,Open,,,-57,6,248.60683419261548,242.31647428514984,39.78262016249998,-84.0823971748,338.06129999999996,0.0,0.0,0.0,1.9952623149688787e-06
discovery-hop-dist-2,10,20,0.1833,1513270685.134542,f4:7f:35:f7:1a:e6,,Open,,,-45,1,260.08431555015784,253.7939556426922,39.78262016249998,-84.0823971748,338.06129999999996,0.0,0.0,0.0,3.1622776601683795e-05
discovery-hop-dist-2,10,20,0.1833,1513270685.145675,00:fe:c8:87:7a:d3,,WPA,CCMP,PSK,-35,1,260.2847235120127,253.99436360454706,39.78262016249998,-84.0823971748,338.06129999999996,0.0,0.0,0.0,0.00031622776601683794
discovery-hop-dist-2,10,20,0.1833,1513270685.181939,00:fe:c8:87:7a:d4,,WPA,CCMP,,-35,1,260.93752256574555,254.6471626582799,39.78262016249998,-84.0823971748,338.06129999999996,0.0,0.0,0.0,0.00031622776601683794
discovery-hop-dist-2,10,20,0.1833,1513270685.184088,f4:7f:35:f7:1a:e5,AFITCIS,Open,,,-53,1,260.97620930668484,254.6858493992192,39.78262016249998,-84.0823971748,338.06129999999996,0.0,0.0,0.0,5.011872336272725e-06
discovery-hop-dist-2,10,20,0.1833,1513270685.212949,f4:7f:35:f7:1a:e8,,Open,,,-47,1,261.495746400559,255.20538649309339,39.78262016249998,-84.0823971748,338.06129999999996,0.0,0.0,0.0,1.9952623149688786e-05
discovery-hop-dist-2,10,20,0.1833,1513270685.221089,f4:7f:35:f7:1a:e9,,Open,,,-51,1,261.64227447049564,255.35191456303,39.78262016249998,-84.0823971748,338.06129999999996,0.0,0.0,0.0,7.943282347242822e-06
discovery-hop-dist-2,10,20,0.1833,1513270685.240923,f4:7f:35:f7:1a:e6,,Open,,,-53,1,261.9993135185031,255.70895361103743,39.78262016249998,-84.0823971748,338.06129999999996,0.0,0.0,0.0,5.011872336272725e-06
discovery-hop-dist-2,10,20,0.1833,1513270685.265003,f4:7f:35:f7:1a:e7,,Open,,,-49,1,262.4327861331167,256.14242622565104,39.78262016249998,-84.0823971748,338.06129999999996,0.0,0.0,0.0,1.2589254117941661e-05
discovery-hop-dist-2,10,20,0.1833,1513270685.27874,00:fe:c8:87:7a:d0,,WPA,CCMP,FT,-37,1,262.68006968677753,256.3897097793119,39.78262016249998,-84.0823971748,338.06129999999996,0.0,0.0,0.0,0.00019952623149688788
discovery-hop-dist-2,10,20,0.1833,1513270685.287624,f4:7f:35:f7:1a:e5,AFITCIS,Open,,,-49,1,262.8399926223089,256.54963271484326,39.78262016249998,-84.0823971748,338.06129999999996,0.0,0.0,0.0,1.2589254117941661e-05
discovery-hop-dist-2,10,20,0.1833,1513270685.439754,00:12:17:9f:79:b6,RESEARCH_MULLINS_3,WPA,TKIP,,-55,3,265.5785366270282,259.28817671956256,39.78262016249998,-84.0823971748,338.06129999999996,0.0,0.0,0.0,3.162277660168379e-06
discovery-hop-dist-2,10,20,0.1833,1513270685.457217,b0:7f:b9:a3:b9:d5,C-EDGE,WPA,CCMP,,-41,3,265.8928932212259,259.60253331376026,39.78262016249998,-84.0823971748,338.06129999999996,0.0,0.0,0.0,7.943282347242822e-05
discovery-hop-dist-2,10,20,0.1833,1513270685.541792,00:12:17:9f:79:b6,RESEARCH_MULLINS_3,WPA,TKIP,,-55,3,267.4153542455898,261.12499433812417,39.78262016249998,-84.0823971748,338.06129999999996,0.0,0.0,0.0,3.162277660168379e-06
discovery-hop-dist-2,10,20,0.1833,1513270685.558326,b0:7f:b9:a3:b9:d5,C-EDGE,WPA,CCMP,,-43,3,267.7129897900094,261.42262988254373,39.78262016249998,-84.0823971748,338.06129999999996,0.0,0.0,0.0,5.011872336272725e-05
discovery-hop-dist-2,10,20,0.1833,1513270685.705578,ec:08:6b:f9:e0:1f,AUTO_RES,WPA,CCMP,,-45,6,270.3637225322905,264.0733626248249,39.78262016249998,-84.0823971748,338.06129999999996,0.0,0.0,0.0,3.1622776601683795e-05
discovery-hop-dist-2,10,20,0.1833,1513270686.44337,6c:50:4d:2a:cd:b7,,Open,,,-51,11,283.64495709168756,277.3545971842219,39.78262016249998,-84.0823971748,338.06129999999996,0.0,0.0,0.0,7.943282347242822e-06
discovery-hop-dist-2,10,20,0.1833,1513270686.449505,00:fe:c8:38:86:19,,WPA,CCMP,PSK,-53,11,283.7553949902731,277.46503508280745,39.78262016249998,-84.0823971748,338.06129999999996,0.0,0.0,0.0,5.011872336272725e-06
discovery-hop-dist-2,10,20,0.1833,1513270686.467859,6c:50:4d:2a:cd:b5,AFITCIS,Open,,,-51,11,284.08579023000993,277.7954303225443,39.78262016249998,-84.0823971748,338.06129999999996,0.0,0.0,0.0,7.943282347242822e-06
discovery-hop-dist-2,10,20,0.1833,1513270686.492163,6c:50:4d:2a:cd:b8,,Open,,,-51,11,284.52329289229846,278.2329329848328,39.78262016249998,-84.0823971748,338.06129999999996,0.0,0.0,0.0,7.943282347242822e-06
discovery-hop-dist-2,10,20,0.1833,1513270686.501836,b4:5d:50:d7:7c:a1,,Open,,,-63,11,284.6974218531803,278.40706194571464,39.78262016249998,-84.0823971748,338.06129999999996,0.0,0.0,0.0,5.011872336272725e-07
discovery-hop-dist-2,10,20,0.1833,1513270686.504345,6c:50:4d:2a:cd:b9,,Open,,,-47,11,284.74258499661323,278.4522250891476,39.78262016249998,-84.0823971748,338.06129999999996,0.0,0.0,0.0,1.9952623149688786e-05
discovery-hop-dist-2,10,20,0.1833,1513270686.506752,00:fe:c8:38:86:13,,WPA,CCMP,FT,-53,11,284.7859155198574,278.49555561239174,39.78262016249998,-84.0823971748,338.06129999999996,0.0,0.0,0.0,5.011872336272725e-06
discovery-hop-dist-2,10,20,0.1833,1513270686.50903,f4:7f:35:f6:bb:98,,Open,,,-69,11,284.8269241519491,278.53656424448343,39.78262016249998,-84.0823971748,338.06129999999996,0.0,0.0,0.0,1.2589254117941662e-07
discovery-hop-dist-2,10,20,0.1833,1513270686.52278,6c:50:4d:2a:cd:b6,,Open,,,-49,11,285.07443946554014,278.7840795580745,39.78262016249998,-84.0823971748,338.06129999999996,0.0,0.0,0.0,1.2589254117941661e-05
discovery-hop-dist-2,10,20,0.1833,1513270686.535712,00:fe:c8:38:86:10,,WPA,CCMP,FT,-51,11,285.3072337317136,279.01687382424797,39.78262016249998,-84.0823971748,338.06129999999996,0.0,0.0,0.0,7.943282347242822e-06
discovery-hop-dist-2,10,20,0.1833,1513270686.543163,00:fe:c8:76:dd:32,,WPA,CCMP,FT,-59,11,285.4413626453851,279.15100273791944,39.78262016249998,-84.0823971748,338.06129999999996,0.0,0.0,0.0,1.2589254117941661e-06
discovery-hop-dist-2,10,20,0.1833,1513270686.547365,6c:50:4d:2a:cd:b7,,Open,,,-51,11,285.5170022196378,279.22664231217215,39.78262016249998,-84.0823971748,338.06129999999996,0.0,0.0,0.0,7.943282347242822e-06
discovery-hop-dist-2,10,20,0.1833,1513270686.553956,00:fe:c8:38:86:19,,WPA,CCMP,PSK,-55,11,285.6356504283428,279.34529052087714,39.78262016249998,-84.0823971748,338.06129999999996,0.0,0.0,0.0,3.162277660168379e-06
discovery-hop-dist-2,10,20,0.1833,1513270686.564327,f4:7f:35:f6:bb:97,,Open,,,-67,11,285.8223416358109,279.5319817283453,39.78262016249998,-84.0823971748,338.06129999999996,0.0,0.0,0.0,1.9952623149688787e-07
discovery-hop-dist-2,10,20,0.1833,1513270686.572005,6c:50:4d:2a:cd:b5,AFITCIS,Open,,,-49,11,285.9605563912146,279.67019648374895,39.78262016249998,-84.0823971748,338.06129999999996,0.0,0.0,0.0,1.2589254117941661e-05
discovery-hop-dist-2,10,20,0.1833,1513270686.608836,6c:50:4d:2a:cd:b9,,Open,,,-47,11,286.6235614655768,280.33320155811117,39.78262016249998,-84.0823971748,338.06129999999996,0.0,0.0,0.0,1.9952623149688786e-05
discovery-hop-dist-2,10,20,0.1833,1513270686.611213,00:fe:c8:38:86:13,,WPA,CCMP,FT,-53,11,286.6663512156506,280.37599130818495,39.78262016249998,-84.0823971748,338.06129999999996,0.0,0.0,0.0,5.011872336272725e-06
discovery-hop-dist-2,10,20,0.1833,1513270686.829667,f4:7f:35:f7:1a:e7,,Open,,,-55,1,290.5988150844384,284.30845517697276,39.78262016249998,-84.0823971748,338.06129999999996,0.0,0.0,0.0,3.162277660168379e-06
discovery-hop-dist-2,10,20,0.1833,1513270686.8559,f4:7f:35:f7:1a:e5,AFITCIS,Open,,,-55,1,291.0710431096002,284.7806832021346,39.78262016249998,-84.0823971748,338.06129999999996,0.0,0.0,0.0,3.162277660168379e-06
discovery-hop-dist-2,10,20,0.1833,1513270686.873704,00:12:17:9f:79:b6,RESEARCH_MULLINS_3,WPA,TKIP,,-55,3,291.3915370500974,285.10117714263174,39.78262016249998,-84.0823971748,338.06129999999996,0.0,0.0,0.0,3.162277660168379e-06
discovery-hop-dist-2,10,20,0.1833,1513270686.975436,00:12:17:9f:79:b6,RESEARCH_MULLINS_3,WPA,TKIP,,-59,3,293.2228482243917,286.9324883169261,39.78262016249998,-84.0823971748,338.06129999999996,0.0,0.0,0.0,1.2589254117941661e-06
discovery-hop-dist-2,10,20,0.1833,1513270687.199163,00:fe:c8:7d:ac:51,,WPA,CCMP,PSK,-19,6,297.2502306601435,290.95987075267783,39.78262016249998,-84.0823971748,338.06129999999996,0.0,0.0,0.0,0.012589254117941675
discovery-hop-dist-2,10,20,0.1833,1513270687.201203,6c:50:4d:2a:a1:38,,Open,,,-69,6,297.28695602537726,290.9965961179116,39.78262016249998,-84.0823971748,338.06129999999996,0.0,0.0,0.0,1.2589254117941662e-07
discovery-hop-dist-2,10,20,0.1833,1513270687.221648,00:fe:c8:7d:ac:53,,WPA,CCMP,PSK,-19,6,297.654990794517,291.36463088705136,39.78262016249998,-84.0823971748,338.06129999999996,0.0,0.0,0.0,0.012589254117941675
discovery-hop-dist-2,10,20,0.1833,1513270687.230953,6c:50:4d:2a:a1:36,,Open,,,-59,6,297.82249313813566,291.53213323067,39.78262016249998,-84.0823971748,338.06129999999996,0.0,0.0,0.0,1.2589254117941661e-06
discovery-hop-dist-2,10,20,0.1833,1513270687.241561,ec:08:6b:f9:e0:1f,AUTO_RES,WPA,CCMP,,-43,6,298.01345044505956,291.7230905375939,39.78262016249998,-84.0823971748,338.06129999999996,0.0,0.0,0.0,5.011872336272725e-05
discovery-hop-dist-2,10,20,0.1833,1513270687.252371,00:fe:c8:7d:ac:50,,WPA,CCMP,FT,-19,6,298.2080472412575,291.91768733379183,39.78262016249998,-84.0823971748,338.06129999999996,0.0,0.0,0.0,0.012589254117941675
discovery-hop-dist-2,10,20,0.1833,1513270687.255531,6c:50:4d:2a:a1:37,,Open,,,-69,6,298.26493142856714,291.9745715211015,39.78262016249998,-84.0823971748,338.06129999999996,0.0,0.0,0.0,1.2589254117941662e-07
discovery-hop-dist-2,10,20,0.1833,1513270687.264584,00:fe:c8:7d:ac:54,,WPA,CCMP,,-19,6,298.4278972861449,292.13753737867927,39.78262016249998,-84.0823971748,338.06129999999996,0.0,0.0,0.0,0.012589254117941675
discovery-hop-dist-2,10,20,0.1833,1513270687.276947,00:fe:c8:7d:ac:52,,WPA,CCMP,FT,-19,6,298.6504469050339,292.36008699756826,39.78262016249998,-84.0823971748,338.06129999999996,0.0,0.0,0.0,0.012589254117941675
discovery-hop-dist-2,10,20,0.1833,1513270687.280154,6c:50:4d:2a:a1:35,AFITCIS,Open,,,-57,6,298.7081765869037,292.41781667943803,39.78262016249998,-84.0823971748,338.06129999999996,0.0,0.0,0.0,1.9952623149688787e-06
discovery-hop-dist-2,10,20,0.1833,1513270687.301528,00:fe:c8:7d:ac:51,,WPA,CCMP,PSK,-19,6,299.0929366976721,292.80257679020644,39.78262016249998,-84.0823971748,338.06129999999996,0.0,0.0,0.0,0.012589254117941675
discovery-hop-dist-2,10,20,0.1833,1513270687.304684,6c:50:4d:2a:a1:38,,Open,,,-57,6,299.1497479235222,292.8593880160566,39.78262016249998,-84.0823971748,338.06129999999996,0.0,0.0,0.0,1.9952623149688787e-06
discovery-hop-dist-2,10,20,0.1833,1513270687.326115,00:fe:c8:7d:ac:53,,WPA,CCMP,PSK,-19,6,299.5355337865742,293.24517387910856,39.78262016249998,-84.0823971748,338.06129999999996,0.0,0.0,0.0,0.012589254117941675
discovery-hop-dist-2,10,20,0.1833,1513270687.3354,6c:50:4d:2a:a1:36,,Open,,,-67,6,299.7026799065964,293.4123199991308,39.78262016249998,-84.0823971748,338.06129999999996,0.0,0.0,0.0,1.9952623149688787e-07
discovery-hop-dist-2,10,20,0.1833,1513270687.343962,ec:08:6b:f9:e0:1f,AUTO_RES,WPA,CCMP,,-43,6,299.85680455202254,293.5664446445569,39.78262016249998,-84.0823971748,338.06129999999996,0.0,0.0,0.0,5.011872336272725e-05
discovery-hop-dist-2,10,20,0.1833,1513270687.356815,00:fe:c8:7d:ac:50,,WPA,CCMP,FT,-19,6,300.088178215661,293.79781830819536,39.78262016249998,-84.0823971748,338.06129999999996,0.0,0.0,0.0,0.012589254117941675
discovery-hop-dist-2,10,20,0.1833,1513270687.369034,00:fe:c8:7d:ac:54,,WPA,CCMP,,-17,6,300.3081355568124,294.01777564934673,39.78262016249998,-84.0823971748,338.06129999999996,0.0,0.0,0.0,0.0199526231496888
discovery-hop-dist-2,10,20,0.1833,1513270687.381392,00:fe:c8:7d:ac:52,,WPA,CCMP,FT,-21,6,300.53059504683966,294.240235139374,39.78262016249998,-84.0823971748,338.06129999999996,0.0,0.0,0.0,0.007943282347242814
discovery-hop-dist-2,10,20,0.1833,1513270687.38467,6c:50:4d:2a:a1:35,AFITCIS,Open,,,-71,6,300.58960370017604,294.2992437927104,39.78262016249998,-84.0823971748,338.06129999999996,0.0,0.0,0.0,7.943282347242822e-08
discovery-hop-dist-2,10,20,0.1833,1513270687.990537,00:fe:c8:87:7a:d0,,WPA,CCMP,FT,-35,1,311.4960114223311,305.20565151486545,39.78262016249998,-84.0823971748,338.06129999999996,0.0,0.0,0.0,0.00031622776601683794
discovery-hop-dist-2,10,20,0.1833,1513270688.002675,00:fe:c8:87:7a:d4,,WPA,CCMP,,-35,1,311.71451382614293,305.4241539186773,39.78262016249998,-84.0823971748,338.06129999999996,0.0,0.0,0.0,0.00031622776601683794
discovery-hop-dist-2,10,20,0.1833,1513270688.004798,f4:7f:35:f7:1a:e5,AFITCIS,Open,,,-47,1,311.7527284635207,305.4623685560551,39.78262016249998,-84.0823971748,338.06129999999996,0.0,0.0,0.0,1.9952623149688786e-05
discovery-hop-dist-2,10,20,0.1833,1513270688.015035,00:fe:c8:87:7a:d2,,WPA,CCMP,FT,-35,1,311.9370076509747,305.64664774350905,39.78262016249998,-84.0823971748,338.06129999999996,0.0,0.0,0.0,0.00031622776601683794
discovery-hop-dist-2,10,20,0.1833,1513270688.027697,f4:7f:35:f7:1a:e8,,Open,,,-53,1,312.1649435423153,305.87458363484967,39.78262016249998,-84.0823971748,338.06129999999996,0.0,0.0,0.0,5.011872336272725e-06
discovery-hop-dist-2,10,20,0.1833,1513270688.039996,f4:7f:35:f7:1a:e9,,Open,,,-53,1,312.386338653404,306.09597874593834,39.78262016249998,-84.0823971748,338.06129999999996,0.0,0.0,0.0,5.011872336272725e-06
discovery-hop-dist-2,10,20,0.1833,1513270688.042388,00:fe:c8:87:7a:d1,,WPA,CCMP,PSK,-35,1,312.429398790063,306.13903888259733,39.78262016249998,-84.0823971748,338.06129999999996,0.0,0.0,0.0,0.00031622776601683794
discovery-hop-dist-2,10,20,0.1833,1513270688.065997,00:fe:c8:87:7a:d3,,WPA,CCMP,PSK,-35,1,312.85439070797185,306.5640308005062,39.78262016249998,-84.0823971748,338.06129999999996,0.0,0.0,0.0,0.00031622776601683794
discovery-hop-dist-2,10,20,0.1833,1513270688.094903,00:fe:c8:87:7a:d0,,WPA,CCMP,FT,-35,1,313.3747389616018,307.08437905413615,39.78262016249998,-84.0823971748,338.06129999999996,0.0,0.0,0.0,0.00031622776601683794
discovery-hop-dist-2,10,20,0.1833,1513270688.107119,00:fe:c8:87:7a:d4,,WPA,CCMP,,-35,1,313.59464480054646,307.3042848930808,39.78262016249998,-84.0823971748,338.06129999999996,0.0,0.0,0.0,0.00031622776601683794
discovery-hop-dist-2,10,20,0.1833,1513270688.109249,f4:7f:35:f7:1a:e5,AFITCIS,Open,,,-51,1,313.632988193441,307.34262828597537,39.78262016249998,-84.0823971748,338.06129999999996,0.0,0.0,0.0,7.943282347242822e-06
discovery-hop-dist-2,10,20,0.1833,1513270688.123047,00:fe:c8:87:7a:d2,,WPA,CCMP,FT,-35,1,313.881370460845,307.59101055337936,39.78262016249998,-84.0823971748,338.06129999999996,0.0,0.0,0.0,0.00031622776601683794
discovery-hop-dist-2,10,20,0.1833,1513270688.132271,f4:7f:35:f7:1a:e8,,Open,,,-47,1,314.04741357527354,307.7570536678079,39.78262016249998,-84.0823971748,338.06129999999996,0.0,0.0,0.0,1.9952623149688786e-05
discovery-hop-dist-2,10,20,0.1833,1513270688.144449,f4:7f:35:f7:1a:e9,,Open,,,-47,1,314.26663271812873,307.9762728106631,39.78262016249998,-84.0823971748,338.06129999999996,0.0,0.0,0.0,1.9952623149688786e-05
discovery-hop-dist-2,10,20,0.1833,1513270688.146834,00:fe:c8:87:7a:d1,,WPA,CCMP,PSK,-35,1,314.3095640992709,308.0192041918053,39.78262016249998,-84.0823971748,338.06129999999996,0.0,0.0,0.0,0.00031622776601683794
discovery-hop-dist-2,10,20,0.1833,1513270688.16959,00:fe:c8:87:7a:d3,,WPA,CCMP,PSK,-35,1,314.7192040677301,308.4288441602645,39.78262016249998,-84.0823971748,338.06129999999996,0.0,0.0,0.0,0.00031622776601683794
discovery-hop-dist-2,10,20,0.1833,1513270688.30665,00:12:17:9f:79:b6,RESEARCH_MULLINS_3,WPA,TKIP,,-55,3,317.1864644904624,310.89610458299677,39.78262016249998,-84.0823971748,338.06129999999996,0.0,0.0,0.0,3.162277660168379e-06
discovery-hop-dist-2,10,20,0.1833,1513270688.311769,00:fe:c8:7d:ac:54,,WPA,CCMP,,-27,6,317.27861481381575,310.9882549063501,39.78262016249998,-84.0823971748,338.06129999999996,0.0,0.0,0.0,0.001995262314968879
discovery-hop-dist-2,10,20,0.1833,1513270688.409745,00:12:17:9f:79:b6,RESEARCH_MULLINS_3,WPA,TKIP,,-53,3,319.0423121744028,312.75195226693717,39.78262016249998,-84.0823971748,338.06129999999996,0.0,0.0,0.0,5.011872336272725e-06
discovery-hop-dist-2,10,20,0.1833,1513270688.428421,b0:7f:b9:a3:b9:d5,C-EDGE,WPA,CCMP,,-43,3,319.37850570424496,313.0881457967793,39.78262016249998,-84.0823971748,338.06129999999996,0.0,0.0,0.0,5.011872336272725e-05
discovery-hop-dist-2,10,20,0.1833,1513270688.573123,ec:08:6b:f9:e0:1f,AUTO_RES,WPA,CCMP,,-45,6,321.98333281294646,315.6929729054808,39.78262016249998,-84.0823971748,338.06129999999996,0.0,0.0,0.0,3.1622776601683795e-05
discovery-hop-dist-2,10,20,0.1833,1513270689.304637,f4:7f:35:f6:bb:95,AFITCIS,Open,,,-67,11,335.1515543634225,328.8611944559569,39.78262016249998,-84.0823971748,338.06129999999996,0.0,0.0,0.0,1.9952623149688787e-07
discovery-hop-dist-2,10,20,0.1833,1513270689.308172,00:fe:c8:76:dd:33,,WPA,CCMP,PSK,-67,11,335.2151896316616,328.92482972419594,39.78262016249998,-84.0823971748,338.06129999999996,0.0,0.0,0.0,1.9952623149688787e-07
discovery-hop-dist-2,10,20,0.1833,1513270689.324452,6c:50:4d:2a:cd:b9,,Open,,,-47,11,335.5082500633853,329.21789015591963,39.78262016249998,-84.0823971748,338.06129999999996,0.0,0.0,0.0,1.9952623149688786e-05
discovery-hop-dist-2,10,20,0.1833,1513270689.326859,00:fe:c8:38:86:13,,WPA,CCMP,FT,-53,11,335.5515805866294,329.2612206791638,39.78262016249998,-84.0823971748,338.06129999999996,0.0,0.0,0.0,5.011872336272725e-06
discovery-hop-dist-2,10,20,0.1833,1513270689.351872,00:fe:c8:76:dd:34,,WPA,CCMP,,-63,11,336.00184721248064,329.711487305015,39.78262016249998,-84.0823971748,338.06129999999996,0.0,0.0,0.0,5.011872336272725e-07
discovery-hop-dist-2,10,20,0.1833,1513270689.367491,6c:50:4d:2a:cd:b7,,Open,,,-49,11,336.2830106344546,329.992650726989,39.78262016249998,-84.0823971748,338.06129999999996,0.0,0.0,0.0,1.2589254117941661e-05
discovery-hop-dist-2,10,20,0.1833,1513270689.374759,00:fe:c8:38:86:19,,WPA,CCMP,PSK,-53,11,336.4138434068967,330.1234834994311,39.78262016249998,-84.0823971748,338.06129999999996,0.0,0.0,0.0,5.011872336272725e-06
discovery-hop-dist-2,10,20,0.1833,1513270689.416623,6c:50:4d:2a:cd:b8,,Open,,,-49,11,337.16745373841104,330.8770938309454,39.78262016249998,-84.0823971748,338.06129999999996,0.0,0.0,0.0,1.2589254117941661e-05
discovery-hop-dist-2,10,20,0.1833,1513270689.429366,00:fe:c8:38:86:13,,WPA,CCMP,FT,-53,11,337.3968445670912,331.10648465962555,39.78262016249998,-84.0823971748,338.06129999999996,0.0,0.0,0.0,5.011872336272725e-06
discovery-hop-dist-2,10,20,0.1833,1513270689.478555,00:fe:c8:38:86:19,,WPA,CCMP,PSK,-53,11,338.28230913148076,331.9919492240151,39.78262016249998,-84.0823971748,338.06129999999996,0.0,0.0,0.0,5.011872336272725e-06
discovery-hop-dist-2,10,20,0.1833,1513270689.607838,f4:7f:35:f7:1a:e9,,Open,,,-57,1,340.6095736808273,334.31921377336164,39.78262016249998,-84.0823971748,338.06129999999996,0.0,0.0,0.0,1.9952623149688787e-06
discovery-hop-dist-2,10,20,0.1833,1513270690.08502,00:fe:c8:7d:ac:54,,WPA,CCMP,,-19,6,349.1994851066884,342.9091251992228,39.78262016249998,-84.0823971748,338.06129999999996,0.0,0.0,0.0,0.012589254117941675
discovery-hop-dist-2,10,20,0.1833,1513270690.097072,00:fe:c8:7d:ac:52,,WPA,CCMP,FT,-19,6,349.4164338605979,343.1260739531323,39.78262016249998,-84.0823971748,338.06129999999996,0.0,0.0,0.0,0.012589254117941675
discovery-hop-dist-2,10,20,0.1833,1513270690.100244,6c:50:4d:2a:a1:35,AFITCIS,Open,,,-63,6,349.4735369322861,343.18317702482045,39.78262016249998,-84.0823971748,338.06129999999996,0.0,0.0,0.0,5.011872336272725e-07
discovery-hop-dist-2,10,20,0.1833,1513270690.121647,00:fe:c8:7d:ac:51,,WPA,CCMP,PSK,-21,6,349.8588163569721,343.56845644950647,39.78262016249998,-84.0823971748,338.06129999999996,0.0,0.0,0.0,0.007943282347242814
discovery-hop-dist-2,10,20,0.1833,1513270690.124772,6c:50:4d:2a:a1:38,,Open,,,-67,6,349.9150739341001,343.6247140266345,39.78262016249998,-84.0823971748,338.06129999999996,0.0,0.0,0.0,1.9952623149688787e-07
discovery-hop-dist-2,10,20,0.1833,1513270690.149753,00:fe:c8:7d:ac:53,,WPA,CCMP,PSK,-19,6,350.3647654519764,344.07440554451074,39.78262016249998,-84.0823971748,338.06129999999996,0.0,0.0,0.0,0.012589254117941675
discovery-hop-dist-2,10,20,0.1833,1513270690.176988,00:fe:c8:7d:ac:50,,WPA,CCMP,FT,-19,6,350.85502783318736,344.5646679257217,39.78262016249998,-84.0823971748,338.06129999999996,0.0,0.0,0.0,0.012589254117941675
discovery-hop-dist-2,10,20,0.1833,1513270690.189641,00:fe:c8:7d:ac:54,,WPA,CCMP,,-19,6,351.08280063420676,344.7924407267411,39.78262016249998,-84.0823971748,338.06129999999996,0.0,0.0,0.0,0.012589254117941675
discovery-hop-dist-2,10,20,0.1833,1513270690.204857,00:fe:c8:7d:ac:52,,WPA,CCMP,FT,-19,6,351.35671082873597,345.0663509212703,39.78262016249998,-84.0823971748,338.06129999999996,0.0,0.0,0.0,0.012589254117941675
discovery-hop-dist-2,10,20,0.1833,1513270690.214122,ec:08:6b:f9:e0:1f,AUTO_RES,WPA,CCMP,,-47,6,351.5234921414607,345.23313223399504,39.78262016249998,-84.0823971748,338.06129999999996,0.0,0.0,0.0,1.9952623149688786e-05
discovery-hop-dist-2,10,20,0.1833,1513270690.228512,00:fe:c8:7d:ac:51,,WPA,CCMP,PSK,-19,6,351.7825310738028,345.49217116633713,39.78262016249998,-84.0823971748,338.06129999999996,0.0,0.0,0.0,0.012589254117941675
discovery-hop-dist-2,10,20,0.1833,1513270690.243168,6c:50:4d:2a:a1:39,,Open,,,-65,6,352.0463597113687,345.7559998039031,39.78262016249998,-84.0823971748,338.06129999999996,0.0,0.0,0.0,3.162277660168379e-07
discovery-hop-dist-2,10,20,0.1833,1513270690.250678,00:fe:c8:7d:ac:53,,WPA,CCMP,PSK,-19,6,352.1815487121283,345.89118880466265,39.78262016249998,-84.0823971748,338.06129999999996,0.0,0.0,0.0,0.012589254117941675
discovery-hop-dist-2,10,20,0.1833,1513270690.259964,6c:50:4d:2a:a1:36,,Open,,,-57,6,352.3487077077022,346.05834780023656,39.78262016249998,-84.0823971748,338.06129999999996,0.0,0.0,0.0,1.9952623149688787e-06
discovery-hop-dist-2,10,20,0.1833,1513270690.86015,f4:7f:35:f7:1a:e9,,Open,,,-55,1,3.15285350658678,356.86249359912114,39.78262016249998,-84.0823971748,338.06129999999996,0.0,0.0,0.0,3.162277660168379e-06
discovery-hop-dist-2,10,20,0.1833,1513270690.862507,00:fe:c8:87:7a:d1,,WPA,CCMP,PSK,-35,1,3.195282741213532,356.9049228337479,39.78262016249998,-84.0823971748,338.06129999999996,0.0,0.0,0.0,0.00031622776601683794
discovery-hop-dist-2,10,20,0.1833,1513270690.915026,00:fe:c8:87:7a:d0,,WPA,CCMP,FT,-35,1,4.140691582361342,357.8503316748957,39.78262016249998,-84.0823971748,338.06129999999996,0.0,0.0,0.0,0.00031622776601683794
discovery-hop-dist-2,10,20,0.1833,1513270690.927754,f4:7f:35:f7:1a:e5,AFITCIS,Open,,,-53,1,4.369812024456223,358.0794521169906,39.78262016249998,-84.0823971748,338.06129999999996,0.0,0.0,0.0,5.011872336272725e-06
discovery-hop-dist-2,10,20,0.1833,1513270690.930083,00:fe:c8:87:7a:d4,,WPA,CCMP,,-35,1,4.411739112567602,358.12137920510196,39.78262016249998,-84.0823971748,338.06129999999996,0.0,0.0,0.0,0.00031622776601683794
discovery-hop-dist-2,10,20,0.1833,1513270690.939602,00:fe:c8:87:7a:d2,,WPA,CCMP,FT,-35,1,4.5830912461377125,358.29273133867207,39.78262016249998,-84.0823971748,338.06129999999996,0.0,0.0,0.0,0.00031622776601683794
discovery-hop-dist-2,10,20,0.1833,1513270690.947366,ec:08:6b:4d:e2:07,AFITCIS_,Open,,,-73,1,4.722855359593211,358.43249545212757,39.78262016249998,-84.0823971748,338.06129999999996,0.0,0.0,0.0,5.011872336272725e-08
discovery-hop-dist-2,10,20,0.1833,1513270690.95226,f4:7f:35:f7:1a:e8,,Open,,,-53,1,4.810954176018868,358.5205942685532,39.78262016249998,-84.0823971748,338.06129999999996,0.0,0.0,0.0,5.011872336272725e-06
discovery-hop-dist-2,10,20,0.1833,1513270690.96476,f4:7f:35:f7:1a:e9,,Open,,,-47,1,5.035971608979423,358.7456117015138,39.78262016249998,-84.0823971748,338.06129999999996,0.0,0.0,0.0,1.9952623149688786e-05
discovery-hop-dist-2,10,20,0.1833,1513270690.967162,00:fe:c8:87:7a:d1,,WPA,CCMP,PSK,-35,1,5.079207711511231,358.7888478040456,39.78262016249998,-84.0823971748,338.06129999999996,0.0,0.0,0.0,0.00031622776601683794
discovery-hop-dist-2,10,20,0.1833,1513270690.982989,f4:7f:35:f7:1a:e6,,Open,,,-45,1,5.364117919023329,359.0737580115577,39.78262016249998,-84.0823971748,338.06129999999996,0.0,0.0,0.0,3.1622776601683795e-05
discovery-hop-dist-2,10,20,0.1833,1513270690.988737,00:fe:c8:87:7a:d3,,WPA,CCMP,PSK,-35,1,5.4675901441514725,359.17723023668583,39.78262016249998,-84.0823971748,338.06129999999996,0.0,0.0,0.0,0.00031622776601683794
discovery-hop-dist-2,10,20,0.1833,1513270691.01948,00:fe:c8:87:7a:d0,,WPA,CCMP,FT,-37,1,6.02100281448827,359.7306429070226,39.78262016249998,-84.0823971748,338.06129999999996,0.0,0.0,0.0,0.00019952623149688788
discovery-hop-dist-2,10,20,0.1833,1513270691.026744,b4:5d:50:dd:65:40,,Open,,,-67,1,6.151762625470951,359.8614027180053,39.78262016249998,-84.0823971748,338.06129999999996,0.0,0.0,0.0,1.9952623149688787e-07
discovery-hop-dist-2,10,20,0.1833,1513270691.028447,b4:5d:50:dd:65:41,,Open,,,-71,1,6.182419314014226,359.8920594065486,39.78262016249998,-84.0823971748,338.06129999999996,0.0,0.0,0.0,7.943282347242822e-08
discovery-hop-dist-2,10,20,0.1833,1513270691.031667,00:fe:c8:87:7a:d4,,WPA,CCMP,,-35,1,6.240385047664745,359.9500251401991,39.78262016249998,-84.0823971748,338.06129999999996,0.0,0.0,0.0,0.00031622776601683794
